claim_id,pathway_id,claim_text,claim_type,source_ids,exact_locator,evidence_tier,parameter_or_rule,adoption_status,permitted_inference,prohibited_inference,reasoning,update_trigger
TCWS-C001,tropical_cyclone_wind,Tropical-cyclone wind requires its own solar pathway and cannot fall back to the straight-line-convective solar model.,governance_decision,TCWS-S015;GOVERNANCE_CONTRACT,strong_wind_solar neighboring-wind boundary; pathway and event-identity standards,T3_engineering_proxy_or_adjacent_empirical,pathway_id=tropical_cyclone_wind,adopt,"Reuse governed solar anatomy, terminology, and value lineage after a new transfer review.","Reuse a convective curve, axis, downburst profile, or numeric parameter because both pathways involve wind.","Storm duration, direction history, profile, turbulence, debris environment, and control opportunity differ and remain load-bearing.",A reviewed equivalence study passes all pathway and endpoint gates.
TCWS-C002,tropical_cyclone_wind,NHC maximum sustained surface wind is the highest one-minute average wind at 10 m in unobstructed exposure.,direct_observation,TCWS-S001,NHC glossary entry: Maximum Sustained Surface Wind,T2_public_lab_standard_or_physics,source_native_axis_semantics,adopt,"Label the upstream storm-field quantity and retain its source product, valid time, height, averaging period, and exposure convention.","Treat it as array-height 3-second gust, tracker-normal wind, net pressure, or damage demand.",The official source defines the storm quantity but supplies no universal site or array bridge.,NHC changes the definition or a governed upstream product supplies a different exact convention.
TCWS-C003,tropical_cyclone_wind,The runtime damage axis is withheld at scaffold stage.,governance_decision,TCWS-S001;TCWS-S002;TCWS-S005;TCWS-S010;TCWS-S011;GOVERNANCE_CONTRACT,native-axis definitions and transfer limits; runtime gate,T3_engineering_proxy_or_adjacent_empirical,runtime_axis_status,historical_scope_only,Preserve source-native axes and document architecture-specific bridge requirements.,"Publish a silent one-minute-to-three-second, height, terrain, direction, pressure, or Ucrit conversion.","Available sources use different storm, local gust, pressure, and exact-system instability quantities. Consolidated v2 register: prior-version conclusion is scoped/superseded by TCWS2-C002/008/009; the underlying evidence limitation is retained.",A qualified event-to-local-demand bridge and matching damage evidence pass review.
TCWS-C004,tropical_cyclone_wind,"Height, averaging period, terrain/exposure, topography, direction history, duration, array zone, and windborne-debris context are load-bearing tropical-cyclone wind descriptors.",source_interpretation,TCWS-S001;TCWS-S004;TCWS-S005;TCWS-S006;TCWS-S010;TCWS-S012,NHC definition; St. Croix mechanisms; design and experimental source scopes,T2_public_lab_standard_or_physics,event_to_local_demand_fields,adopt,Require or preserve the descriptors in a future bridge and keep unsupported effects explicit.,Collapse the descriptors to storm category or apply universal modifiers.,"The source evidence changes demand and failure mechanisms with site, direction, duration, row, geometry, and debris conditions without calibrating one transferable modifier.",A validated reduced-order TC demand model supersedes individual fields.
TCWS-C005,tropical_cyclone_wind,Ground-mounted fixed-tilt and single-axis-tracker arrays require separate architecture routes.,source_interpretation,TCWS-S005;TCWS-S006;TCWS-S007;TCWS-S010;TCWS-S011;TCWS-S012,ASCE fixed-tilt provisions; FM §§2.1.2.1–2.1.2.4; tracker qualification and aeroelastic studies,T2_public_lab_standard_or_physics,array_architecture_selector,adopt,Require an explicit architecture and develop architecture-specific demand and failure-unit evidence.,"Use one generic ground-mount curve or transfer fixed-tilt coefficients, tracker Ucrit, or stow behavior across architectures.",Rigid pressure response and tracker aeroelastic/control behavior are distinct mechanisms.,A formal equivalence study supports a shared record.
TCWS-C006,tropical_cyclone_wind,Ceferino et al. analyze 14 large Caribbean ground-mounted sites and define extensive failure as clip or racking failure in more than 50 percent of panels.,direct_observation,TCWS-S002,§2.1 and Table 1 pp. 2–3; Eq. 1 and §3.1 p. 4,T1_claims_or_field_calibrated,ceferino_source_native_endpoint,adopt_audit_only,Describe and reproduce the source-native site-level extensive-structural-failure probability candidate.,"Call the endpoint module DR, rack DR, whole-site DR, total loss, or repair-cost ratio.","The paper's atom and endpoint are a composite site limit state, not a failure-unit economic consequence.",Authors release a failure-unit disposition and same-unit cost crosswalk.
TCWS-C007,tropical_cyclone_wind,Five of the 14 Ceferino ground-mounted sites had significant failure; failures began at reconstructed gusts near 83 m/s and the mean reconstructed gust among failed sites was about 91 m/s.,direct_observation,TCWS-S002,§2.1 pp. 2–3 and §2.2 pp. 3–4,T1_claims_or_field_calibrated,ceferino_field_observations,adopt_audit_only,Use as a small-sample source-native consistency check.,Treat 83 m/s as a universal onset or 91 m/s as a capacity threshold.,"The observations are sparse, site-composite, and based on reconstructed rather than instrumented local gusts.",A larger architecture-labeled field dataset with local demand becomes available.
TCWS-C008,tropical_cyclone_wind,"Ceferino's ground-mounted posterior summaries have median v about 90 m/s and median beta about 0.15; reported posterior standard deviations are about 6 m/s and 0.07, and the mean posterior fragility rises from 10 to 90 percent over about 73 to 116 m/s.",direct_observation,TCWS-S002,§4.2 and Figs. 5c/5d/6b p. 7,T1_claims_or_field_calibrated,ceferino_posterior_candidate,defer_candidate_only,Preserve the summaries in the numerical candidate audit on the paper's reconstructed 3-second-gust axis.,"Promote the numbers into a runtime DR curve, reinterpret beta as economic severity spread, or transfer them to a named fixed-tilt or tracker design.",The posterior characterizes site-level extensive structural failure probability for the source population only.,A transfer-qualified failure-unit and consequence bridge passes review.
TCWS-C009,tropical_cyclone_wind,A deterministic lognormal curve built from Ceferino's posterior medians is not the paper's posterior-mean fragility curve.,source_interpretation,TCWS-S002,Bayesian method and §4.2 posterior integration,T1_claims_or_field_calibrated,posterior_uncertainty_rule,adopt,Retain posterior uncertainty and distinguish parameter-summary diagnostics from posterior integration.,Label a median-parameter plug-in curve as the published posterior mean or ignore uncertainty from the 14-site sample.,The paper integrates fragility over posterior parameter samples; nonlinear averaging does not equal plugging in marginal medians.,Authors publish an authoritative deterministic reduction or full posterior artifact.
TCWS-C010,tropical_cyclone_wind,Ceferino does not support a fixed-tilt-versus-tracker split or component-level curve decomposition.,source_interpretation,TCWS-S002,Table 1 fields and §3.1 limit-state definition,T1_claims_or_field_calibrated,ceferino_transfer_limit,adopt,Keep the source candidate at generic large ground-mounted site grain.,"Assign separate fixed-tilt, tracker, module, support, foundation, or electrical parameters from this study.",The reported site table lacks the architecture and component-disposition fields needed for those splits.,Architecture and component records for the 14 sites are released and validated.
TCWS-C011,tropical_cyclone_wind,Ceferino's observed structural failures included cascading damage and debris from failed panels.,direct_observation,TCWS-S002,§2.1 pp. 2–3,T1_claims_or_field_calibrated,wind_and_debris_mechanism_boundary,adopt_with_limits,Preserve debris/cascade context when auditing the field fragility.,Call the candidate a clean aerodynamic-pressure-only response or separately price debris loss from the same observations.,The source-native observations combine mechanisms and do not identify their separate causal shares.,"Matched event inspections isolate pressure, impact, and consequential damage."
TCWS-C012,tropical_cyclone_wind,"Perry et al. reviewed 1,534 mixed residential, commercial, and utility PV sites after Hurricanes Irma and Maria; 17 percent had visible damage and 2.8 percent had more than 50 percent visible damage.",direct_observation,TCWS-S003,abstract p. 1012; §3.1 and Table 2 pp. 1016–1018,T1_claims_or_field_calibrated,perry_remote_sensing_statistics,adopt_audit_only,Use as a broad field prevalence and imagery-method constraint.,Fit a utility-scale ground-mounted fragility or economic DR from the aggregate percentages.,"The sample mixes asset classes and the reported endpoint is visible module-area damage, not a separately calibrated target-asset loss state.","The authors release a utility-scale ground-mounted subset with architecture, demand, inspection, and cost fields."
TCWS-C013,tropical_cyclone_wind,Perry et al. found only a weak damage relationship with estimated maximum gust and documented strong installation/site heterogeneity.,direct_observation,TCWS-S003,Figs. 4–5 pp. 1016–1018; Discussion pp. 1021–1022,T1_claims_or_field_calibrated,installation_and_site_heterogeneity,adopt,"Require mounting, installation, site, and local-demand descriptors in future field calibration.",Use gust alone as a sufficient universal predictor or infer a portable threshold from paired sites.,The field evidence shows materially different damage at nearby sites and identifies installation details as consequential but often proprietary.,A matched multivariate population dataset supports a reduced selector set.
TCWS-C014,tropical_cyclone_wind,"Perry's manual remote-sensing endpoint does not identify hidden electrical damage, component disposition, repair scope, or direct repair cost.",source_interpretation,TCWS-S003,§2.4 pp. 1015–1016; Discussion pp. 1021–1022,T1_claims_or_field_calibrated,remote_sensing_endpoint_limit,adopt,Use imagery for visible-damage screening and field-data design.,Convert percent module area missing or damaged into failure-unit economic DR.,Visible surface change is not a same-unit repair/replacement-cost endpoint and can miss internal or electrical damage.,"Linked inspection, work-order, salvage, and cost records become available."
TCWS-C015,tropical_cyclone_wind,The Ceferino and Perry evidence must not be counted as independent field populations without record-level deduplication.,governance_decision,TCWS-S002;TCWS-S003,both studies' Caribbean Irma/Maria event and site descriptions,T1_claims_or_field_calibrated,evidence_dependence_rule,adopt,Treat them as complementary endpoint/method evidence with possible overlapping events and sites.,Multiply confidence or sample size as though the two sources were independent.,Both sources draw from the same regional hurricane seasons and public descriptions do not establish record-level independence.,Site identifiers establish overlap or independence.
TCWS-C016,tropical_cyclone_wind,"The DOE/FEMP St. Croix case documents a 469 kW fixed-tilt array assessed as total loss with rack, beam, clamp, fastener, corrosion, liberated-module, enclosure, conduit, inverter, switchgear, and transformer mechanisms.",direct_observation,TCWS-S004,Executive Summary pp. vi–vii; §1.1/Table 1 pp. 2–3; §§2–3.6 pp. 5–12,T3_engineering_proxy_or_adjacent_empirical,st_croix_mechanism_and_failure_unit_case,adopt_with_limits,"Use the case to populate anatomy, dependency, inspection, and compound-peril fields.","Fit a population fragility, transfer the total-loss disposition, or infer component economic severities.",One detailed case exposes mechanisms but does not estimate a representative probability or cost-state distribution.,A population of comparable sites with local demands and itemized repair/replacement records is available.
TCWS-C017,tropical_cyclone_wind,"The St. Croix case combines high wind, wind-driven rain, and flash flooding; its reported approximately 104 mph event estimate and 145 mph design value are not population failure thresholds.",source_interpretation,TCWS-S004,"Executive Summary pp. vi–vii; §§1.1, 2, and 3 pp. 2–12",T3_engineering_proxy_or_adjacent_empirical,compound_event_and_threshold_limit,adopt,"Route pressure, debris, rain ingress, and flood mechanisms separately while preserving one parent event family.","Use either speed as a tropical-cyclone DR onset, design median, or evidence that the array failed below design solely from wind.",The case is compound and site specific; reported estimates do not isolate a wind-only causal threshold.,Forensic load reconstruction isolates mechanisms and component capacities.
TCWS-C018,tropical_cyclone_wind,"ASCE and fixed-tilt wind-tunnel evidence are design and demand anchors, not failure probability or economic severity evidence.",source_interpretation,TCWS-S005;TCWS-S010,"ASCE Chs. 26, 29, and 31; Browne abstract and §§1–5",T2_public_lab_standard_or_physics,fixed_tilt_demand_bridge_boundary,adopt,"Use exact edition, geometry, zone, exposure, and small-deflection eligibility in a future fixed-tilt local-demand bridge.","Treat code wind, design pressure, or a wind coefficient as as-built capacity, D50, damage state, or DR.",Design adequacy calculations and load coefficients do not measure population failure disposition or repair cost.,Matched component demand-capacity-failure-cost evidence passes review.
TCWS-C019,tropical_cyclone_wind,"Tracker critical velocity is exact-system, angle, layout, direction, row, and qualification dependent.",source_interpretation,TCWS-S006;TCWS-S007;TCWS-S011;TCWS-S012,FM §§2.1.2.3–2.1.2.4; IEC scope; aeroelastic benchmark and stability-map results,T2_public_lab_standard_or_physics,tracker_ucrit_and_state_contract,adopt,"Require exact tracker system, qualification, configuration, attained angle, drive/lock state, position, direction, and compatible speed basis before using Ucrit.","Supply a generic Ucrit, infer it from IEC qualification, or transfer benchmark critical speed to an unnamed production tracker or TC field.",The studies show instability depends on the defined system and state; qualification identity is necessary but does not itself supply a generic value.,A governed certified tracker-capacity catalog with structured equivalence becomes available.
TCWS-C020,tropical_cyclone_wind,"FM's trigger at 25 percent below tested instability speed is an operational action margin, not damage onset.",source_interpretation,TCWS-S006,§§2.1.2.3–2.1.2.4 pp. 3–4,T2_public_lab_standard_or_physics,tracker_stow_action_gate,adopt_flag_only,Use 0.75 Ucrit only as an exact-basis control/action flag after all qualification fields match.,"Force positive damage at the trigger, force zero below it, calibrate a fragility median from it, or apply it across mismatched speed definitions.","The source specifies an operating margin below tested instability, not an observed failure threshold.",FM changes the criterion or matched damage observations calibrate the relationship.
TCWS-C021,tropical_cyclone_wind,"IEC 62817 tracker qualification and IEC 61730 module safety qualification are selector provenance, not tropical-cyclone fragility.",source_interpretation,TCWS-S007;TCWS-S008,official IEC scope and test-purpose pages,T2_public_lab_standard_or_physics,qualification_provenance_rule,adopt,"Record the exact standard, edition, product, configuration, and test identity.","Infer site wind capacity, TC survival, failure probability, economic severity, or mitigation credit from qualification alone.",Qualification standards define test and safety scope but do not provide the target population's hazard-to-cost response.,A product-specific qualified capacity and field-validation artifact is authorized.
TCWS-C022,all_shared,"The NLR Q1-2025 UPV benchmark is a reference value source only, under value_source_id NLR_Q1_2025_UPV_PV_ONLY_2024_USD.",value_rule,TCWS-S013,dataset landing page and governed parent value ledger,T2_public_lab_standard_or_physics,reference_value_lineage,adopt_with_limits,"Use exact row-level units, vintage, and denominator mapping after the parent-ledger crosswalk is verified.","Use benchmark shares as damage caps, exposed fractions, site appraisal, support-allocation rules, or failure severity.",Cost structure can support a denominator but supplies no hazard response or repair disposition.,A new benchmark vintage or site-specific BOM/value ledger supersedes the reference.
TCWS-C023,tropical_cyclone_wind,"PV_GSU_SUBSTATION remains a separate solar-plant failure unit and is withheld, not assigned zero and not inherited from a generic hurricane substation placeholder.",governance_decision,TCWS-S004;TCWS-S013;LEG-TCWS-001;LEG-TCWS-002;GOVERNANCE_CONTRACT,St. Croix electrical mechanisms; value lineage; legacy substation rows; coverage gate,T4_placeholder_or_expert_judgment,PV_GSU_SUBSTATION_coverage,withhold,"Preserve point or yard exposure, component value, and separate future evidence routing.","Apply whole-array exposure, legacy substation logistic DR, flood/rain loss, or zero immunity to the GSU.","A shared GSU has different spatial grain, mechanisms, values, and evidence needs from the array field.","GSU-specific TC wind demand, disposition, exposure, and same-unit cost data pass review."
TCWS-C024,tropical_cyclone_wind,"PV_POWER_CONVERSION_AND_COLLECTION remains a separate withheld unit for inverters, combiners, wiring, enclosures, collection, grounding, and related power-path equipment.",governance_decision,TCWS-S004;TCWS-S009;TCWS-S013;GOVERNANCE_CONTRACT,St. Croix §§3.4–3.6; Owner's Guide §5; value and coverage audits,T3_engineering_proxy_or_adjacent_empirical,PV_POWER_CONVERSION_AND_COLLECTION_coverage,withhold,Keep the equipment anatomy and value/exposure seam explicit for later evidence.,"Scale it by array structural DR, call it wind immune, or mix wind-driven rain/flood ingress into a wind-only curve.",The unit has different direct and dependency mechanisms and lacks a matched wind-to-disposition-to-cost chain.,"Unit-specific demand, disposition, repair, and cost evidence becomes available."
TCWS-C025,tropical_cyclone_wind,"The strong_wind_solar package may contribute source discovery, anatomy, terminology, and governance controls but no numeric transfer.",governance_decision,TCWS-S015;GOVERNANCE_CONTRACT,cross-cell register rows and neighboring-wind boundary,T3_engineering_proxy_or_adjacent_empirical,cross_cell_reuse_rule,historical_scope_only,Reuse reviewed primary-source lineage after independent registration and pathway-specific transfer analysis.,"Inherit convective demand axes, downburst profiles, curve forms, T4 medians, beta, severity, stow credit, or exposure behavior.","Asset substrate is reusable, while causal wind fields and numeric evidence are pathway specific. Consolidated v2 register: prior-version conclusion is scoped/superseded by TCWS2-C001/005/006; the underlying evidence limitation is retained.",A formal numerical equivalence review passes.
TCWS-C026,tropical_cyclone_wind,The legacy hurricane-solar memo mischaracterizes Ceferino's ground-mounted result and its logistic parameters are rejected for runtime.,legacy_audit_finding,TCWS-S002;LEG-TCWS-001,"Ceferino §4.2 p. 7; legacy memo §§2.6–2.8, §5, Appendix A; index rows 219–299",T4_placeholder_or_expert_judgment,legacy_curve_bundle,reject_runtime_retain_audit,"Preserve exact numbers for source correction, migration reproduction, and regression tests only.","Adopt architecture shifts, caps, slopes, midpoints, confidence labels, or an economic interpretation from the memo.","The legacy record substitutes 58 m/s and beta 0.30 for the paper's roughly 90 m/s and 0.15 ground posterior, then adds unsupported architecture and severity assumptions.","A separately calibrated, fully provenance-resolved curve passes promotion gates."
TCWS-C027,tropical_cyclone_wind,Hazard Modeling's provisional hurricane-solar implementation is a migration fixture only.,legacy_audit_finding,LEG-TCWS-002;GOVERNANCE_CONTRACT,"01_damage.py lines 14–39, 56–105, 136–183, 197–207",T4_placeholder_or_expert_judgment,legacy_consumer_behavior,reject_runtime_retain_audit,Reproduce exact old behavior for cutover comparison.,"Treat hardcoded PV, mounting, substation, or zero-remainder TIV weights and anchored logistics as calibrated Damage outputs or a valid fallback.",The consumer mixes mechanisms and unsupported value shares and labels absent coverage as approximately immune.,A governed promoted Damage artifact and explicit consumer cutover replace the fixture.
TCWS-C028,tropical_cyclone_wind,No public matched chain was located in the bounded review from representative local tropical-cyclone demand through failure-unit state and disposition to same-unit direct repair or replacement cost.,governance_decision,TCWS-S002;TCWS-S003;TCWS-S004;BOUNDED_SEARCH_LOG,bounded-search chain matrix and endpoint pressure tests,T3_engineering_proxy_or_adjacent_empirical,runtime_curve_gate,withhold,Use the bounded result as the reason for NO_RUNTIME_CURVE and as an evidence-acquisition roadmap.,"Claim universal absence across private owner, OEM, insurer, non-indexed, non-English, or post-cutoff evidence.","Strong sources stop at site probability, visible damage, design/demand, qualification, or a compound single-site case.","Authorized matched event, configuration, inspection, disposition, and cost records close the chain."
TCWS-C029,tropical_cyclone_wind,"Wind, debris impact, wind-driven rain, flood or surge, and TC-spawned tornado pathways preserve one event_family_id but route separately.",governance_decision,TCWS-S004;GOVERNANCE_CONTRACT,St. Croix compound-event evidence; event-identity and neighboring-hazard controls,T4_placeholder_or_expert_judgment,compound_event_identity_rule,adopt,Coordinate one physical occurrence and downstream loss assembly without duplicate value consumption.,Blend all mechanisms into a wind curve or count one damaged value stock independently in several pathways.,The same cyclone can produce distinct mechanisms whose evidence and exposure grains differ.,A governed multi-pathway consequence assembler supersedes the current rule.
TCWS-C030,tropical_cyclone_wind,Model v0.1/docs r1 is a noncanonical coverage scaffold with zero runtime curve records; scalar damage and monetary loss are withheld.,governance_decision,GOVERNANCE_CONTRACT,"change classification, capability declaration, and fail-closed release gate",T4_placeholder_or_expert_judgment,canonical_runtime_artifact=false; curve_records=[],withhold,Return null with stable reason code NO_RUNTIME_CURVE after identity and input validation.,"Return zero, a site fragility probability, a legacy proxy, or an adjacent-cell fallback as DR or loss.","No candidate completes the physical-state, economic-severity, exposure, and provenance chain required for runtime publication.","A governed model v1.0 behavior change passes evidence, seven-step, tests, schemas, capability, and release review."
TCWS-C101,tropical_cyclone_wind,"The Perry manual dataset contains 47 records, including 37 ground-mounted and 35 ground-mounted records explicitly marked tracking false.",direct_observation,TCWS-S020,manual CSV filter counts pinned to source SHA,T1_claims_or_field_calibrated,source_cohort_count,adopt,Freeze the exact source-cohort selection.,Call all 35 records utility-scale or representative of a named modern fleet.,System size is missing for part of the cohort and the source does not declare one target utility archetype.,A licensed revised source file or corrected schema changes the counts.
TCWS-C102,tropical_cyclone_wind,The manual endpoint is percent modules visibly damaged based on post-event imagery and labeled site/damage polygons.,direct_observation,TCWS-S003;TCWS-S020;TCWS-S021,paper method and data-description pp. 1-2,T1_claims_or_field_calibrated,source_response_endpoint,adopt_with_limits,Use the visible module fraction as a graded physical response.,"Infer hidden electrical or structural damage, disposition, labor, or whole-site cost.",Remote sensing observes exterior visible damage only.,A source revision adds inspected disposition and same-unit cost.
TCWS-C103,tropical_cyclone_wind,"Under uniform per-module hardware value and full replacement of every visible or missing module, visible module fraction equals a same-unit module-hardware material replacement proxy DR.",governance_assumption,TCWS-S020;TCWS-S021;GOVERNANCE_CONTRACT,v1 ordinate bridge derivation,T4_placeholder_or_expert_judgment,uniform_value_and_full_replacement_bridge,adopt_with_limits,Emit a source-specific module-hardware screening DR only when both assumptions are explicitly acknowledged.,"Describe the result as observed economic loss, claims-calibrated DR, installed replacement cost, or full module-field all-damage DR.",The physical numerator and denominator align only because the two economic bridge assumptions are imposed.,Disposition or module-level value evidence replaces either assumption.
TCWS-C104,tropical_cyclone_wind,"The source x field is the dataset-reported event maximum gust in m/s; provider, station, height, averaging period, exposure, and query semantics are not pinned for the full manual multi-hurricane cohort.",direct_observation,TCWS-S020;TCWS-S021,manual CSV max_wind_gust_(m/s) and data-description weather notes,T1_claims_or_field_calibrated,hazard_axis,adopt_with_limits,Require the exact dataset-reported axis identifier.,"Alias NHC sustained wind, ASCE 3-second gust, array-height wind, Visual Crossing generally, or another gust product.",A numeric gust without complete source semantics is not universally transferable.,The archive publishes exact full-cohort weather-query semantics or an approved bridge is validated.
TCWS-C105,tropical_cyclone_wind,The runtime fit uses 34 source-cohort records from 17.4 through 39.1 m/s.,derived_result,TCWS-S020;GOVERNANCE_CONTRACT,ground and tracking=false; x<=39.1 filter,T3_engineering_proxy_or_adjacent_empirical,fit_population_and_range,adopt,Evaluate only inside the governed source-bounded range.,Extrapolate below 17.4 or above 39.1 m/s.,The next observed point is a lone severe-tail record separated by a 9.1 m/s gap.,A sufficiently populated tail dataset supports a revised range.
TCWS-C106,tropical_cyclone_wind,The one 48.2 m/s source-cohort record has visible damage fraction 0.4142383192 and is audit-only.,direct_observation,TCWS-S020,manual CSV source cohort sparse-tail record,T1_claims_or_field_calibrated,sparse_tail_audit,withhold_runtime,Retain the point in evidence QA and tail-influence discussion.,Use it as a runtime knot or interpolate the 39.1-48.2 m/s gap.,One clustered observation cannot stabilize the severe tail.,Additional architecture-matched observations close the gap and tail.
TCWS-C107,tropical_cyclone_wind,The runtime curve is an unweighted site-level monotone PAVA fit linearized at pooled-block edges.,method_decision,TCWS-S020;GOVERNANCE_CONTRACT,FIT_SUFFICIENT_STATISTICS and derivation script,T3_engineering_proxy_or_adjacent_empirical,fit_method,historical_scope_only,Reproduce deterministic nondecreasing block means and linear interpolation between recorded edges.,"Claim a source-published curve, iid confidence interval, claims calibration, or causal parametric fragility.",Site weighting avoids inventing module counts; monotonic pooling is transparent for sparse zero-inflated observations. Consolidated v2 register: prior-version conclusion is scoped/superseded by TCWS-C220; the underlying evidence limitation is retained.,A reviewed cluster-aware predictive method supersedes the screening fit.
TCWS-C108,tropical_cyclone_wind,No curve-intrinsic uncertainty distribution is carried.,governance_decision,TCWS-S020;GOVERNANCE_CONTRACT,FIT_EVENT_SENSITIVITY_tropical_cyclone_wind_solar__model_v1_0__docs_r1.csv,T4_placeholder_or_expert_judgment,uncertainty_status,withhold,Flag event clustering and fit sensitivity.,Treat row count as iid evidence or construct unsupported confidence bands.,Events and sites are clustered; leave-Maria-out reduces the highest fitted block by about 5.41 times and the severe tail is sparse.,A hierarchical event-aware uncertainty model passes review.
TCWS-C109,tropical_cyclone_wind,The observed site fraction already contains realized spatial extent and must not be multiplied by a second array exposure fraction.,governance_decision,TCWS-S003;TCWS-S020;TCWS-S021,source endpoint definition,T3_engineering_proxy_or_adjacent_empirical,exposure_rule,adopt,Apply the DR once to the exact compatible module-hardware subject value.,Apply an additional at-risk fraction or site overlap multiplier to the same response.,A second fraction would double-attenuate the observed response.,A future local-demand model changes the response grain.
TCWS-C110,tropical_cyclone_wind,The source does not isolate pure aerodynamic uplift from cascade or debris-related visible module loss.,source_interpretation,TCWS-S003;TCWS-S020;TCWS-S021,paper discussion and dataset fields,T3_engineering_proxy_or_adjacent_empirical,causal_scope_acknowledgement,adopt_with_limits,Label output SOURCE_COMPOSITE_HURRICANE_MODULE_LOSS.,Present the proxy as pure wind-pressure fragility or combine it with a debris module curve without overlap review.,Post-event imagery does not identify the causal mechanism of each damaged module.,Mechanism-labeled event observations become available.
TCWS-C111,tropical_cyclone_wind,Tracker modules and tracker SBOS are unsupported by this curve.,governance_decision,TCWS-S006;TCWS-S020,manual cohort has only two ground tracking=true records,T2_public_lab_standard_or_physics,architecture_selector,historical_scope_only,Route tracking=false source-cohort screening only.,Fallback from tracker to fixed tilt or infer stow benefit.,Two tracker records cannot support a tracker route and tracker controls change response. Consolidated v2 register: prior-version conclusion is scoped/superseded by TCWS2-C005/009; the underlying evidence limitation is retained.,A qualified tracker dataset passes the full evidence chain.
TCWS-C112,tropical_cyclone_wind,"Racking, foundations, power conversion, collection, GSU, SCADA, civil, fieldwork, logistics, and hidden damage remain withheld rather than zero.",governance_decision,TCWS-S003;TCWS-S006;TCWS-S020;GOVERNANCE_CONTRACT,failure-unit coverage audit,T4_placeholder_or_expert_judgment,partial_coverage,withhold,Emit explicit null results and reason codes.,"Transfer the module proxy, assume zero loss, or multiply by plant TIV.",The source endpoint and value bridge cover visible module hardware only.,Failure-unit-specific evidence and value chains pass review.
TCWS-C113,tropical_cyclone_wind,Scenario dollar loss and all annual or tail metrics are withheld before canonical promotion.,governance_decision,TCWS-S013;GOVERNANCE_CONTRACT,capability and value-linkage gate,T4_placeholder_or_expert_judgment,loss_capability,withhold,Review scalar source-unit DR independently of financial output.,"Use the NLR benchmark, full TIV, EAL, PML, VaR, or TVaR from this proposal.",The proposal is noncanonical and has partial physical and value coverage.,Canonical promotion plus exact site module-hardware value and consumer validation.
TCWS-C114,tropical_cyclone_wind,Raw DOI files are hash-pinned but not redistributed in-repository because the archive metadata reports no license.,governance_decision,TCWS-S020;TCWS-S021,DOI resource metadata and pinned file hashes,T4_placeholder_or_expert_judgment,source_file_handling,adopt,Publish sufficient statistics and a reproducible derivation script that requires a user-supplied DOI download.,Commit the raw CSV or PDF as if reuse permission were granted.,A public download is not the same as an explicit redistribution license.,The archive supplies a compatible license or written permission.
TCWS-C115,tropical_cyclone_wind,Ceferino Supplementary Table 2 and Perry report materially different damage percentages at four apparent coordinate-nearest Caribbean matches and must not be pooled as one measurement system.,cross_source_discrepancy,TCWS-S003;TCWS-S020;TCWS-S022,"CROSS_METHOD_MATCH_AUDIT_tropical_cyclone_wind_solar__model_v1_0__docs_r1.csv; Ceferino Supplementary Table 2 p. 4; Perry aggregate CSV lines 7, 74, 242, 257",T3_engineering_proxy_or_adjacent_empirical,cross_method_same_event_endpoint_challenge,adopt_as_limitation,Treat the disagreement as correlated cross-method evidence of measurement and endpoint uncertainty and block canonical promotion.,"Average, pool, treat the values as independent labels, assert an authoritative identity join, or use Ceferino/Perry aggregate values in the Perry manual-cohort PAVA fit.","The analyst-derived nearest-coordinate rule finds four same-event utility/ground records within 500 m, but no authoritative shared site identifier adjudicates identity; the sources use different labeling methods and do not establish one common endpoint.",A reconciled site-level adjudication establishes shared identity and common endpoint semantics.
TCWS-C116,tropical_cyclone_wind,"Under the strict evidence-earned economic-DR gate, current evidence supports a docs-only v0.1 update rather than a numerical model v1.",independent_review_finding,TCWS-S020;TCWS-S021;TCWS-S022;GOVERNANCE_CONTRACT,independent primary-source and repo audits dated 2026-07-29,T4_placeholder_or_expert_judgment,strict_gate_outcome,adopt_as_limitation,Label model v1 as a deliberate coverage-first noncanonical screening exception only.,"Describe model v1 as evidence-earned, canonical, field-calibrated economic DR, or ready for Hazard cutover.","The T4 ordinate bridge, population transfer, source-axis ambiguity, endpoint conflict, clustering, and sparse tail remain unresolved.",All strict promotion gates pass.
TCWS-C117,tropical_cyclone_wind,"The released manual CSV has 47 rows and omits the paper-described site_type field, so the governed cohort follows the released file rather than the paper's narrative count/schema.",source_release_discrepancy,TCWS-S003;TCWS-S020,paper Methods/Data Availability compared with manual CSV header and row count,T1_claims_or_field_calibrated,source_release_schema_qa,adopt_as_limitation,"Pin 47 rows, the released columns, and the exact SHA for reproducibility.","Silently assume a 48th row, infer site type from missing fields, or call the 35-row cohort utility-scale.",The public artifact and narrative do not fully align; the released file is the reproducible numerical object.,Authors publish a corrected/versioned data release and change log.
TCWS-C118,tropical_cyclone_wind,"Ceferino's paper defines extensive failure using a strict greater-than-50-percent threshold, but Supplementary Table 2 contains one site at exactly 50 percent: the table yields 4/14 under greater-than 50 percent, while the reported 36 percent corresponds to 5/14 only when 50 percent is included.",source_internal_threshold_discrepancy,TCWS-S002;TCWS-S022,paper Section 2.1 and Supplementary Table 2 p. 4,T1_claims_or_field_calibrated,ceferino_binary_endpoint_reproduction,adopt_as_limitation,Retain the discrepancy as a governed endpoint-semantics warning and do not independently reproduce the binary calibration count from the supplement.,"Silently classify the 50-percent row, claim that the supplement exactly reproduces the reported binary sample, or use either count in the Perry fit.",The strict textual threshold and the reported proportion cannot both be reproduced from the tabulated percentages without an inclusion convention or author clarification.,"Authors publish a corrected threshold, exact binary labels, or a site-level calibration table."
TCWS-C201,tropical_cyclone_wind,"Perry identifies Visual Crossing API as the study-level hurricane maximum-gust provider, while the released row-level station, product, query, duration, height, exposure, retrieval-version, time-of-maximum, and uncertainty lineage remains unresolved.",source_semantics_correction,TCWS-S003;TCWS-S020;TCWS-S023;TCWS-S024,Perry Figure 3 journal p. 1015; released manual CSV schema; Visual Crossing wind and historical-construction documentation,T3_engineering_proxy_or_adjacent_empirical,perry_axis_provider_wording,adopt,State Visual Crossing as study-level provider and retain the exact Perry source-axis label.,"Call the Perry field measured at site, exact 3-second, ASCE Exposure C, reproducible from today's API, or a single station/grid product.",Provider identity does not recover the discarded row-level query and reference-frame lineage.,Archived author request/response records and station contributors are released.
TCWS-C202,tropical_cyclone_wind,No portable identity or fixed-factor bridge is supported between Hazard's modeled 3-second gust object and the Perry dataset-reported event maximum gust.,axis_bridge_decision,TCWS-S003;TCWS-S005;TCWS-S020;TCWS-S023;TCWS-S024;GOVERNANCE_CONTRACT,axis audit dated 2026-07-29 and consumer handoff comparison,T4_placeholder_or_expert_judgment,hazard_to_perry_axis_bridge,withhold,Evaluate only the exact Perry field within the pinned source range.,"Pass ordinary Hazard gust, NHC sustained wind, ASCE design wind, category, or another gust product directly into the curve.","Matching units cannot close duration, spatial, exposure, product, and query semantics.",A versioned paired reconstruction and held-out transfer validation pass review.
TCWS-C203,tropical_cyclone_wind,"Paper and released manual-data inconsistencies include 48 versus 47 sites, one Florence count difference, differing event-window end dates, and a combined Irma/Maria narrative whose manual rows are Maria-labeled with a Maria-only window.",source_release_discrepancy,TCWS-S003;TCWS-S020,paper Methods and Figures 3-5 compared with pinned manual CSV,T1_claims_or_field_calibrated,event_window_lineage_qa,adopt_as_limitation,Use the pinned released CSV and record the attribution uncertainty.,"Silently reconstruct a missing row, relabel events, or infer portable event-window gust semantics.",The numerical file is reproducible but not fully identical to the paper narrative.,Authors publish a corrected versioned release and change log.
TCWS-C204,tropical_cyclone_wind,Typhoon Mawar ground fixed-tilt observations provide a severe-event audit but do not support a Perry tail fit or a generic gust-only solar curve.,external_severe_audit,TCWS-S025,report pp. 9-12 and Figure A-2 p. 78,T3_engineering_proxy_or_adjacent_empirical,severe_tail_external_audit,adopt_as_limitation,Use near-zero visible ground-module loss under severe estimated winds as a transfer challenge.,"Pool Mawar with Perry or infer tail shape, economic DR, or immunity.","Wind, architecture, installation quality, response endpoint, and measurement basis are not compatible with the Perry atom.",Architecture-matched raw data and a qualified common wind axis become available.
TCWS-C205,tropical_cyclone_wind,"Mawar's report contains conflicting ground-module damage counts and some inconsistent site wind summaries, so its rows remain audit-only pending clarification.",source_internal_discrepancy,TCWS-S025,"Table 1, Table 7, Figure A-2, and Dandan detailed assessment",T1_claims_or_field_calibrated,mawar_numerical_ingestion_gate,withhold,Retain qualitative and bounded audit conclusions.,Serialize one conflicting count or wind estimate as a governed curve record.,"A numerical atom must have one adjudicated numerator, denominator, and demand record.",Authors or repository publish corrected machine-readable data.
TCWS-C206,tropical_cyclone_wind,Typhoon Yagi's regional satellite-area loss and generic unit-area cost are not compatible with the Perry failure unit or the repository economic DR ordinate.,cross_source_endpoint_decision,TCWS-S026;TCWS-S027,"Methods Sections 2.1.2, 2.2.3-2.2.4, Eq. 8, results, and limitations",T3_engineering_proxy_or_adjacent_empirical,yagi_transfer_rule,audit_only,Use as a regional event-scale external screen and acquisition lesson.,"Transfer wind-scale coefficients, area loss, or generic costs to module, rack, plant, or same-unit DR.",Architecture and component disposition are unknown and the cost is not observed same-unit repair cost.,Architecture-resolved inspection and cost/value records are released.
TCWS-C207,tropical_cyclone_wind,"Current evidence does not support a tracker route, fixed-to-tracker fallback, or generic stow credit.",architecture_release_decision,TCWS-S006;TCWS-S020;TCWS-S025;TCWS-S038;TCWS-S039,Perry tracker count; Mawar tracker section; OEM cases,T4_placeholder_or_expert_judgment,tracker_route_status,historical_scope_only,Capture tracker identity and command/attained state for future evidence.,Use the fixed Perry curve for trackers or emit favorable response from a commanded stow state.,"Two Perry rows, zero Mawar trackers, and incomplete OEM cases cannot define response or cost. Consolidated v2 register: prior-version conclusion is scoped/superseded by TCWS2-C001/009/010; the underlying evidence limitation is retained.","A multi-event tracker cohort closes demand, attained state, inspection, disposition, and economics."
TCWS-C208,tropical_cyclone_wind,"FPL's reported fleet panel damage or replacement fractions are censored occurrence-count observations, not economic damage ratios or site fragility points.",field_occurrence_boundary,TCWS-S028;TCWS-S030;TCWS-S031,FPL Jarro Ian and Milton testimony and Helene/Milton testimony,T1_claims_or_field_calibrated,fleet_panel_fraction_use,adopt_with_limits,Use the stated bounds for external validation and data-request design.,"Treat them as site DR, pair them to an assumed gust, or multiply them by module or plant value.","The reports omit a common exposed-site denominator, local intensity, architecture, and same-unit cost/value.",Event/site/component records with exact denominators and wind are supplied.
TCWS-C209,tropical_cyclone_wind,"Regulatory restoration schedules show that contractor, logistics, labor, material, vehicle, inspection, and civil scopes can be material and must be separated and allocated once.",cost_scope_boundary,TCWS-S028;TCWS-S029;TCWS-S030,FPL restoration testimony and cost exhibits,T3_engineering_proxy_or_adjacent_empirical,support_allocation_rule,adopt,Design work-order ingestion and once-only support allocation.,"Use mixed generation cost shares as solar vulnerability, failure-unit DR, or default support multipliers.","The cost buckets span preparation, restoration, logistics, inspection, civil work, and multiple facilities.",Failure-unit-linked work orders and an approved allocation ledger become available.
TCWS-C210,tropical_cyclone_wind,"FEMA field cases support architecture-specific module, post, purlin, connector, and rack physical states but not same-unit economic DR.",physical_occurrence_evidence,TCWS-S032,USVI MAT Sections 7.1.2-7.1.3,T1_claims_or_field_calibrated,fixed_structure_occurrence_use,adopt_with_limits,Use physical counts and mechanisms for failure-unit and inspection design.,Convert affected fractions or qualitative facility damage directly to economic DR.,"Repair disposition, invoices, salvage, and matching replacement value are absent.",Owner/adjuster cost and value schedules join to the inspected units.
TCWS-C211,tropical_cyclone_wind,"Owner records document removal, redesign, limited repair, and electrical replacement outcomes, but redesign and compound electrical damage prevent like-kind wind DR calibration.",owner_disposition_evidence,TCWS-S033;TCWS-S034,BMR project Context and Process sections,T1_claims_or_field_calibrated,terminal_disposition_context,adopt_with_limits,Use as categorical disposition and selector/compound-pathway evidence.,"Treat redesigned replacement cost, moisture/static electrical work, or facility removal as transferable wind-only DR.",The outcome scope is broader or different from like-kind direct physical repair of one declared unit.,Itemized same-unit work orders and pre-event replacement values are released.
TCWS-C212,tropical_cyclone_wind,Plant-level SEC loss estimates and availability statements are materiality evidence but prohibited economic-DR numerators.,economic_scope_boundary,TCWS-S035,AES 2017 Q3 Form 10-Q specified lines,T1_claims_or_field_calibrated,plant_loss_estimate_use,audit_only,Use to establish that physical and nonphysical scopes require explicit separation.,"Divide loss by MW, unavailable capacity, historic capex, or assumed value and call the result DR.","Reported loss can include property, business interruption, cleanup, recovery, or other scope and lacks same-unit value.",Audited direct physical cost and event-date replacement value are disclosed separately.
TCWS-C213,tropical_cyclone_wind,"DOE/FEMP forensic cases extend physical coverage to modules, racks, conduit, inverters, switchgear, transformers, and compound water pathways without closing numerical economic response.",multi_failure_unit_evidence,TCWS-S036,in-person assessment and failure analysis PDF pp. 9-15,T1_claims_or_field_calibrated,secondary_failure_unit_status,adopt_with_limits,"Improve the unit inventory, pathway split, and acquisition plan.",Convert total-loss wording or estimated site wind into component or whole-site economic DR.,"The case mixes wind, rain, flood, and design/installation weaknesses and lacks same-unit cost/value.",Pathway-separated component work orders and values are supplied.
TCWS-C214,tropical_cyclone_wind,"NLR/NREL BOM and hardening-cost evidence supports value anatomy and selectors only, not occurrence vulnerability or repair savings.",value_method_boundary,TCWS-S013;TCWS-S037,Q1-2025 value source and NREL severe-weather Tables 1-2,T2_public_lab_standard_or_physics,benchmark_value_use,adopt_with_limits,Reconcile physical value buckets and define data-request fields.,"Use benchmark weights or hardening premiums as damage probabilities, DRs, reinstatement values, or mitigation credits.",New-build anatomy and prospective premiums do not observe event damage consequence.,Site-specific event-date replacement values and outcome data are provided.
TCWS-C215,tropical_cyclone_wind,"Every generic fixed, tracker, support-structure, foundation, electrical, GSU, SCADA, civil, and support numerical route remains withheld in docs r2.",coverage_release_decision,TCWS-S025;TCWS-S028;TCWS-S030;TCWS-S032;TCWS-S036;TCWS-S040;GOVERNANCE_CONTRACT,docs-r2 failure-unit gap matrix,T4_placeholder_or_expert_judgment,expanded_failure_unit_release_status,historical_scope_only,Use the evidence to improve coverage documentation and acquisition requirements.,"Infer zero damage, borrow the Perry module screen, or blend cross-source physical fractions and costs.",No reviewed source closes the complete target chain for any additional atom. Consolidated v2 register: prior-version conclusion is scoped/superseded by TCWS2-C001/005/012/013; the underlying evidence limitation is retained.,A failure-unit-specific evidence package passes every promotion gate.
TCWS-C216,tropical_cyclone_wind,"Strong-wind solar work is reusable for anatomy, demand framing, selectors, value ledgers, dependency rules, evaluators, and KAT structure, but not for numerical tropical-cyclone response.",cross_cell_reuse_decision,GOVERNANCE_CONTRACT,docs-r2 reuse blueprint and neighboring strong_wind_solar package,T4_placeholder_or_expert_judgment,strong_wind_reuse_scope,historical_scope_only,Reuse structure and controls with tropical-cyclone-specific evidence.,"Copy convective knots, coefficients, state credits, or tail behavior into the TC cell.","Duration, direction history, rain, debris, cycling, and compound pathways differ. Consolidated v2 register: prior-version conclusion is scoped/superseded by TCWS2-C005/006; the underlying evidence limitation is retained.",A qualified cross-hazard transfer study passes independent review.
TCWS-C217,tropical_cyclone_wind,The deep-curation result is an evidence-only docs-r2 revision; model v1.1 and model v2.0 are not earned and docs-r1 runtime behavior remains unchanged.,versioning_decision,TCWS-S020;TCWS-S023;TCWS-S025;TCWS-S028;TCWS-S032;TCWS-S036;GOVERNANCE_CONTRACT,change classification and deep-curation decision dated 2026-07-29,T4_placeholder_or_expert_judgment,version_action,historical_scope_only,Retain model v1.0 as a noncanonical exact-source screening atom and model v0.1 as strict fail-closed alternative.,"Change knots, range, axis, selectors, outputs, package, index, or consumer pin under a docs-only label.",New evidence sharpens limitations and design but supplies no adopted numerical parameter. Consolidated v2 register: prior-version conclusion is scoped/superseded by TCWS2-C001/002; the underlying evidence limitation is retained.,An output-bearing evidence package passes review and is classified separately.
TCWS-C218,tropical_cyclone_wind,"The minimum v2 package requires portable local wind, exact architecture and attained state, affected and unaffected inspections, terminal disposition, same-unit direct cost and replacement value, separated support, and compound-pathway attribution.",acquisition_requirement,TCWS-S025;TCWS-S028;TCWS-S030;TCWS-S032;TCWS-S036;TCWS-S038;TCWS-S040;GOVERNANCE_CONTRACT,docs-r2 v2 acquisition blueprint,T4_placeholder_or_expert_judgment,v2_minimum_evidence_package,adopt,"Use as acceptance criteria for owner, adjuster, OEM, or contractor data.",Promote a candidate merely because one field or one public case becomes available.,Every current blocker maps to a missing field or linkage in this package.,"The package is acquired, validated, and independently reviewed."
TCWS-C219,tropical_cyclone_wind,"No interpolation, monotonicity, selector, range, or evaluator defect was identified in the existing Perry source-specific screening atom within its exact declared domain.",independent_review_finding,TCWS-S003;TCWS-S020;GOVERNANCE_CONTRACT,docs-r1 validator and docs-r2 independent review synthesis,T4_placeholder_or_expert_judgment,existing_curve_internal_status,adopt_with_limits,Retain the exact noncanonical research atom unchanged.,"Describe it as general hurricane-solar, utility-scale, CONUS, tracker, whole-plant, dollar, or tail coverage.",The numerical implementation is coherent; its applicability is deliberately narrow and its strict economic-evidence gate remains NO-GO.,A reproducibility defect or changed source artifact is found.
TCWS-C220,tropical_cyclone_wind,The Perry PAVA fit is equal-record weighted rather than strictly unique-site weighted because at least one physical site recurs across storm records.,source_cohort_dependence_finding,TCWS-S020,"manual CSV sites 7 and 14; coordinates, area, installation year, and event labels; docs-r2 independent source replay",T1_claims_or_field_calibrated,fit_weighting_interpretation,adopt_as_limitation,Describe each retained record as one vote and disclose repeated physical sites across events.,Claim 34 independent sites or interpret the historical EQUAL_SITE_WEIGHT_NOT_MODULE_WEIGHTED flag as proof of unique-site independence.,The implementation weights rows equally; physical-site and event dependence remain in the cohort.,A governed unique-site/event identifier and cluster-aware refit replace the current cohort.
TCWS-C221,tropical_cyclone_wind,"The pinned PAVA is a reproducible finite-sample descriptive smoother, but no scientifically validated predictive relationship is established even for an unseen source-compatible site.",predictive_validity_decision,TCWS-S003;TCWS-S020;GOVERNANCE_CONTRACT,"manual convenience cohort, six-event cluster counts, leave-one-event sensitivity, repeated-site audit, and interpolation method",T4_placeholder_or_expert_judgment,predictive_use_status,withhold,Use the curve only for governed descriptive replay or explicitly experimental screening with all limitations.,"Call it a validated predictive vulnerability relationship, population expectation, or calibrated response for a new site.","No sampling frame, selection model, independent validation event, cluster-aware inference, or controlled architecture/design adjustment exists; PAVA and block-edge interpolation impose shape.",Representative architecture-resolved event cohorts and event-held-out predictive validation pass review.
TCWS2-C001,tropical_cyclone_wind,"The requested v2 is a deliberate coverage-first synthetic Tier-4 exception, not an evidence-earned hurricane calibration.",governance_decision,GOVERNANCE_CONTRACT;TCWS2_CELL_LOCAL_SYNTHETIC_DECISION;NO_DIRECT_TC_CALIBRATION_SOURCE,DECISION_LOG model-v2 docs-r1 § TCWS2-D001,T4_placeholder_or_expert_judgment,model_grade=experimental_synthetic_T4_scenario,adopt,Evaluate the proposal for bounded research and contract integration.,"Describe any generic curve as empirical, calibrated, conservative, or production ready.",The v2 package prioritizes explicit coverage while keeping missing calibration visible and machine enforced.,Formal elicitation or matched field/claims calibration replaces the synthetic parameters.
TCWS2-C002,tropical_cyclone_wind,Model v2.0 is a major behavior change because it adds architecture-specific normalized-demand routes and generic fixed/tracker failure-unit outputs.,governance_decision,GOVERNANCE_CONTRACT,CHANGE_CLASSIFICATION model-v2 docs-r1 § Why this is a major model change,T4_placeholder_or_expert_judgment,semantic_damage_model_version=model v2.0,adopt,Keep v0.1 and v1 artifacts unchanged while researching v2.,Call the change docs-only or silently overwrite v1.,The v2 package prioritizes explicit coverage while keeping missing calibration visible and machine enforced.,Version policy or runtime behavior changes.
TCWS2-C003,tropical_cyclone_wind,The Perry 13-knot source route is carried byte-for-value and remains source specific.,governance_decision,TCWS-S020;TCWS-S021,derivation dossier §12 Perry preservation,T3_engineering_proxy_or_adjacent_empirical,Perry_compatibility_route,adopt,"Use the route only with its exact axis, range, and six acknowledgements.",Alias it to generic fixed tilt or ordinary Hazard gust.,The v2 package prioritizes explicit coverage while keeping missing calibration visible and machine enforced.,The Perry source package or v1 governed fit changes.
TCWS2-C004,tropical_cyclone_wind,A failure-state probability becomes DR only through explicit exact-state probabilities and separately listed same-unit state-cost ratios.,governance_decision,GOVERNANCE_CONTRACT;NO_DIRECT_TC_CALIBRATION_SOURCE,derivation dossier §8 Curve form and probability-to-DR typing,T4_placeholder_or_expert_judgment,sum_state_probability_times_cost_ratio,adopt,Audit the probability-to-consequence bridge parameter by parameter.,Relabel Ceferino extensive-failure probability or another exceedance probability as DR.,The v2 package prioritizes explicit coverage while keeping missing calibration visible and machine enforced.,Observed same-unit state costs replace the T4 ratios.
TCWS2-C005,tropical_cyclone_wind,"All generic beta, medians, and state cost ratios are synthetic T4 assumptions.",governance_decision,TCWS2_CELL_LOCAL_SYNTHETIC_DECISION;NO_DIRECT_TC_CALIBRATION_SOURCE,derivation dossier §§7-9 and parameter-tier register TCWS2 curve rows,T4_placeholder_or_expert_judgment,generic_curve_parameters,adopt,Use them as unweighted research scenarios with always-on limitations.,"Treat them as fitted estimates, percentiles, posterior draws, or uncertainty bands.",The v2 package prioritizes explicit coverage while keeping missing calibration visible and machine enforced.,Calibration or structured elicitation is completed.
TCWS2-C006,tropical_cyclone_wind,"After the cell-local T4 values are adopted, the shared profile provides an audit-only cross-hazard comparison fingerprint.",governance_decision,SHARED_SOLAR_WIND_PROXY_V0_1;TCWS2_CELL_LOCAL_SYNTHETIC_DECISION;TCWS-S015;GOVERNANCE_CONTRACT,DECISION_LOG model-v2 docs-r1 § TCWS2-D003,T4_placeholder_or_expert_judgment,audit_comparison_profile_only,adopt,Compare the adopted cell-local parameter payload to the pinned hazard-neutral solar profile.,Load the candidate as a runtime dependency or claim numerical evidence transfer from convective wind.,The v2 package prioritizes explicit coverage while keeping missing calibration visible and machine enforced.,A formal equivalence or hazard-specific response calibration changes the reuse decision.
TCWS2-C007,tropical_cyclone_wind,Historical v0.1/v1 claims remain source-version facts and are scoped by the complete v2 supersession map.,governance_decision,TCWS2_CELL_LOCAL_SYNTHETIC_DECISION;GOVERNANCE_CONTRACT,CLAIM_SUPERSESSION_MAP model-v2 docs-r1 complete file,T4_placeholder_or_expert_judgment,historical_claim_scope,adopt,Apply each prior claim only to its recorded model/docs scope and retain its evidence limitation.,Treat historical withhold/version statements as the active v2 output contract or erase their retained scientific truth.,The v2 package prioritizes explicit coverage while keeping missing calibration visible and machine enforced.,A later model version explicitly replaces the map.
TCWS2-C008,tropical_cyclone_wind,Fixed tilt requires a qualified same-zone TC event/design pressure ratio or a fully bridged array-height speed-squared proxy.,governance_decision,TCWS-S005;TCWS-S010;GOVERNANCE_CONTRACT,derivation dossier §6.1 Fixed tilt,T3_engineering_proxy_or_adjacent_empirical,fixed_axis_contract,adopt,"Use a named wind-field, direction, duration, and aerodynamic bridge.",Pass an ordinary 10 m gust directly or call design wind failure capacity.,The v2 package prioritizes explicit coverage while keeping missing calibration visible and machine enforced.,A validated direct local-demand adapter replaces the proxy.
TCWS2-C009,tropical_cyclone_wind,Tracker evaluation requires exact-system Ucrit and attained state matched to the qualification basis.,governance_decision,TCWS-S006;TCWS-S007;TCWS-S011;TCWS-S012,derivation dossier §6.2 Tracker and metadata contract tracker request,T2_public_lab_standard_or_physics,tracker_axis_contract,adopt,"Evaluate Vnormal/Ucrit only after exact configuration, layout, angle, position, zone, lock, duration, direction, and speed-reference matching.","Use generic Ucrit, command-only stow, fixed-to-tracker fallback, or a stow multiplier.",The v2 package prioritizes explicit coverage while keeping missing calibration visible and machine enforced.,Architecture-matched TC tracker calibration becomes available.
TCWS2-C010,tropical_cyclone_wind,The 0.75 Ucrit rule is an operational-action flag and never a damage threshold.,governance_decision,TCWS-S006,metadata contract § Tracker route,T2_public_lab_standard_or_physics,stow_action_flag,adopt,Emit a warning flag after qualification matching.,"Force damage, force zero damage, or assign mitigation credit at 0.75 Ucrit.",The v2 package prioritizes explicit coverage while keeping missing calibration visible and machine enforced.,A source calibrates damage conditional on the action threshold.
TCWS2-C011,tropical_cyclone_wind,Generic ordered-state curves have exact zero only at zero normalized demand and no positive hard-zero threshold.,governance_decision,GOVERNANCE_CONTRACT;TCWS2_CELL_LOCAL_SYNTHETIC_DECISION,DECISION_LOG model-v2 docs-r1 § TCWS2-D005,T4_placeholder_or_expert_judgment,zero_demand_boundary,adopt,Use the native lognormal state form without intercept subtraction.,Claim immunity below an invented threshold or alter the asymptote by anchoring subtraction.,The v2 package prioritizes explicit coverage while keeping missing calibration visible and machine enforced.,A calibrated physical threshold is adopted.
TCWS2-C012,tropical_cyclone_wind,"Unsupported physical units remain null, not zero.",governance_decision,GOVERNANCE_CONTRACT,DECISION_LOG model-v2 docs-r1 § TCWS2-D006,T4_placeholder_or_expert_judgment,withhold_not_zero,adopt,Expose incomplete plant coverage and withhold aggregate physical loss.,Assign zero DR to absent curves or recreate the legacy 42-percent immune remainder.,The v2 package prioritizes explicit coverage while keeping missing calibration visible and machine enforced.,Each unit receives a governed curve or an evidence-backed near-zero treatment.
TCWS2-C013,tropical_cyclone_wind,PV_GSU_SUBSTATION is a separately located yard/point unit and inherits neither array DR nor exposure.,governance_decision,TCWS-S004;GOVERNANCE_CONTRACT,DECISION_LOG model-v2 docs-r1 § TCWS2-D008,T3_engineering_proxy_or_adjacent_empirical,GSU_withholding,adopt,"Retain identity, value, and acquisition fields for a future GSU route.","Copy flood, wind-farm, legacy substation, array module, or mounting response.",The v2 package prioritizes explicit coverage while keeping missing calibration visible and machine enforced.,"Matched TC-wind GSU demand, disposition, cost, and value evidence arrives."
TCWS2-C014,tropical_cyclone_wind,Scenario dollars and whole-plant DR remain withheld even for valid generic curves.,governance_decision,GOVERNANCE_CONTRACT;NO_DIRECT_TC_CALIBRATION_SOURCE,derivation dossier §13 Capability and reportability,T4_placeholder_or_expert_judgment,scenario_loss_withheld,adopt,Use scalar/state DRs only for research and interface testing.,Multiply by TIV or reference values and report economic loss.,The v2 package prioritizes explicit coverage while keeping missing calibration visible and machine enforced.,"Same-unit state costs, values, exposure, support, and full coverage pass review."
TCWS2-C015,tropical_cyclone_wind,"TC duration, direction evolution, cycling, rain, debris, tornado, flood, and surge have no numerical modifier in v2.",governance_decision,TCWS-S004;TCWS-S025;TCWS-S026;GOVERNANCE_CONTRACT,neighboring-wind and compound-boundary memo § Compound occurrence,T3_engineering_proxy_or_adjacent_empirical,conditioner_and_compound_boundary,adopt,"Carry them as bridge inputs, flags, or separate pathways under one event family.",Stack an uncalibrated uplift/discount or double count physical loss.,The v2 package prioritizes explicit coverage while keeping missing calibration visible and machine enforced.,Pathway-specific calibration and precedence rules pass review.
TCWS2-C016,tropical_cyclone_wind,The old legacy asset DR is denominator- and coverage-incompatible with v2 failure-unit DR.,governance_decision,LEG-TCWS-001;LEG-TCWS-002;GOVERNANCE_CONTRACT,legacy and adjacent-model audit § Legacy hurricane-solar implementation,T4_placeholder_or_expert_judgment,old_new_comparison_rule,adopt,Preserve the old curve only as a migration fixture and compare behavior qualitatively.,"Claim a v2 increase/decrease without matching axis, unit, denominator, and covered value.",The v2 package prioritizes explicit coverage while keeping missing calibration visible and machine enforced.,A common scenario assembly with complete coverage is governed.
TCWS2-C017,tropical_cyclone_wind,"The v2 artifact remains absent from current/, the artifact index, package releases, and Hazard cutover.",governance_decision,GOVERNANCE_CONTRACT,DECISION_LOG model-v2 docs-r1 § TCWS2-D009,T4_placeholder_or_expert_judgment,promotion_status,adopt,Review and validate the proposal without changing consumer state.,Load it as canonical merely because it exists in the repository.,The v2 package prioritizes explicit coverage while keeping missing calibration visible and machine enforced.,Every promotion gate and maintainer decision closes.
TCWS2-C018,tropical_cyclone_wind,The v2 supersession map is mandatory provenance for every consolidated historical claim whose output or version conclusion differs in v2.,governance_decision,TCWS2_CELL_LOCAL_SYNTHETIC_DECISION;GOVERNANCE_CONTRACT,CLAIM_SUPERSESSION_MAP model-v2 docs-r1 complete file,T4_placeholder_or_expert_judgment,claim_supersession_map_required,adopt,Use the map to distinguish retained evidence limitations from superseded noncanonical output behavior.,Read the consolidated register as if every row were simultaneously active for model v2.,The v2 package prioritizes explicit coverage while keeping missing calibration visible and machine enforced.,The consolidated-register format gains native version-scope and supersession fields.
