architecture,array_demand_ratio,site_facility_demand_ratio,scenario_id,physical_replacement_dr,physical_loss_2024_usd_per_kwdc,installed_capex_physical_loss_fraction
fixed_tilt,0.0,0.0,central_screening,0.0,0.0,0.0
fixed_tilt,0.0,0.0,lower_resistance,0.0,0.0,0.0
fixed_tilt,0.0,0.0,upper_resistance,0.0,0.0,0.0
fixed_tilt,0.05,0.05,central_screening,7.214060392033969e-18,6.332471208712153e-15,5.653992150635851e-18
fixed_tilt,0.05,0.05,lower_resistance,1.0292263934294582e-15,9.034505049106057e-13,8.066522365273265e-16
fixed_tilt,0.05,0.05,upper_resistance,3.4345335807186716e-20,3.0148188167751115e-17,2.691802514977778e-20
fixed_tilt,0.1,0.1,central_screening,1.0135454529846612e-11,8.89685842779158e-09,7.943623596242482e-12
fixed_tilt,0.1,0.1,lower_resistance,4.504654749192309e-10,3.9541665794685856e-07,3.5305058745255227e-10
fixed_tilt,0.1,0.1,upper_resistance,1.5897561399659572e-13,1.3954811074667795e-10,1.2459652745239102e-13
fixed_tilt,0.15,0.15,central_screening,7.46016147634747e-09,6.548497682869338e-06,5.846872931133337e-09
fixed_tilt,0.15,0.15,lower_resistance,1.8360988766102626e-07,0.0001611719703001409,1.439035449108401e-07
fixed_tilt,0.15,0.15,upper_resistance,2.2929027218008926e-10,2.012700155132485e-07,1.7970537099397188e-10
fixed_tilt,0.2,0.2,central_screening,4.0087558999905955e-07,0.00035188687008327294,3.141847054314937e-07
fixed_tilt,0.2,0.2,lower_resistance,6.973165057123086e-06,0.006121014319008165,5.46519135625729e-06
fixed_tilt,0.2,0.2,upper_resistance,1.9276737782710433e-08,1.6921037581235263e-05,1.5108069268960057e-08
fixed_tilt,0.25,0.25,central_screening,6.120884771017327e-06,0.005372886346656105,4.797219952371522e-06
fixed_tilt,0.25,0.25,lower_resistance,8.15563205169447e-05,0.07158978765028624,6.391945325918414e-05
fixed_tilt,0.25,0.25,upper_resistance,4.0738130105766176e-07,0.0003575975552913272,3.192835315101136e-07
fixed_tilt,0.3,0.3,central_screening,4.526223872278045e-05,0.03973099863016976,3.5474105919794426e-05
fixed_tilt,0.3,0.3,lower_resistance,0.0004705030135932374,0.41300552328082724,0.0003687549315007386
fixed_tilt,0.3,0.3,upper_resistance,3.9033471546403824e-06,0.0034263413571728714,3.059233354618635e-06
fixed_tilt,0.35,0.35,central_screening,0.00020879747294974495,0.1832815244194713,0.0001636442182316708
fixed_tilt,0.35,0.35,lower_resistance,0.0017118662893887266,1.5026688718449495,0.0013416686355758477
fixed_tilt,0.35,0.35,upper_resistance,2.2500566826763926e-05,0.019750900861257362,1.763473291183693e-05
fixed_tilt,0.4,0.4,central_screening,0.0006919027083489163,0.6073492238417684,0.0005422760927158646
fixed_tilt,0.4,0.4,lower_resistance,0.0045560681417242165,3.9992970344769785,0.0035708009236401594
fixed_tilt,0.4,0.4,upper_resistance,9.096308226240947e-05,0.07984700268360476,7.129196668178996e-05
fixed_tilt,0.45,0.45,central_screening,0.0018004976152062463,1.5804690687422736,0.0014111330970913156
fixed_tilt,0.45,0.45,lower_resistance,0.009764492663697295,8.571229695945274,0.007652883657093994
fixed_tilt,0.45,0.45,upper_resistance,0.00028302399629931456,0.24843724761704566,0.00022181897108664793
fixed_tilt,0.5,0.5,central_screening,0.003910730111155051,3.4328220846721775,0.0030650197184573015
fixed_tilt,0.5,0.5,lower_resistance,0.017977561981389518,15.780626646222188,0.014089845219841239
fixed_tilt,0.5,0.5,upper_resistance,0.0007210066511114094,0.6328965397204939,0.0005650861961790124
fixed_tilt,0.55,0.55,central_screening,0.007407158935251099,6.501972280080642,0.005805332392929144
fixed_tilt,0.55,0.55,lower_resistance,0.029718180539972446,26.08649116002565,0.023291509964308614
fixed_tilt,0.55,0.55,upper_resistance,0.00157154160717203,1.3794924688597263,0.0012316897043390413
fixed_tilt,0.6,0.6,central_screening,0.012635579472643236,11.091457357948165,0.009903086926739434
fixed_tilt,0.6,0.6,lower_resistance,0.04545214681822346,39.89769914019352,0.03562294566088707
fixed_tilt,0.6,0.6,upper_resistance,0.0030281503410811953,2.658097355509117,0.002373301210275997
fixed_tilt,0.65,0.65,central_screening,0.019887337367857697,17.457019272941956,0.015586624350841032
fixed_tilt,0.65,0.65,lower_resistance,0.06561145628822711,57.593454355561725,0.05142272710318011
fixed_tilt,0.65,0.65,upper_resistance,0.0052885524510144465,4.642268613220029,0.004144882690375026
fixed_tilt,0.7,0.7,central_screening,0.029408283765300167,25.814465103042274,0.023048629556287743
fixed_tilt,0.7,0.7,lower_resistance,0.09055014891263582,79.48453156381123,0.07096833175340289
fixed_tilt,0.7,0.7,upper_resistance,0.008535808504975439,7.492696021858141,0.00668990716237334
fixed_tilt,0.75,0.75,central_screening,0.04141464447166644,36.35359693210658,0.03245856868938088
fixed_tilt,0.75,0.75,lower_resistance,0.12046013655935486,105.73939017782166,0.09441016980162649
fixed_tilt,0.75,0.75,upper_resistance,0.012928652084583016,11.348715237189106,0.010132781461775988
fixed_tilt,0.8,0.8,central_screening,0.056100875585676425,49.24510748788943,0.04396884597132985
fixed_tilt,0.8,0.8,lower_resistance,0.15529269037499832,136.3152562195098,0.12171005019599089
fixed_tilt,0.8,0.8,upper_resistance,0.018601218019252522,16.32806923601086,0.01457863324643827
fixed_tilt,0.85,0.85,central_screening,0.07363363356261556,64.63528709061136,0.057710077759474426
fixed_tilt,0.85,0.85,lower_resistance,0.19471895617380366,170.92346289790933,0.15261023473027618
fixed_tilt,0.85,0.85,upper_resistance,0.0256687697634034,22.531935783252273,0.020117799806475243
fixed_tilt,0.9,0.9,central_screening,0.09413432470435008,82.63070567029033,0.07377741577704493
fixed_tilt,0.9,0.9,lower_resistance,0.23814033587979244,209.0385633944838,0.18664157445936053
fixed_tilt,0.9,0.9,upper_resistance,0.034234919325090714,30.05126505429724,0.026831486655622534
fixed_tilt,0.95,0.95,central_screening,0.11765709928082614,103.27889610116681,0.09221330009032751
fixed_tilt,0.95,0.95,lower_resistance,0.28474108269445464,249.94449867528502,0.2231647309600759
fixed_tilt,0.95,0.95,upper_resistance,0.04439668467269772,38.97121900484454,0.03479573125432548
fixed_tilt,1.0,1.0,central_screening,0.14416959067432483,126.55144710530715,0.11299236348688138
fixed_tilt,1.0,1.0,lower_resistance,0.3335660992798094,292.8028884016953,0.26143115035865655
fixed_tilt,1.0,1.0,upper_resistance,0.056245485097302865,49.372045095715876,0.04408218312117489
fixed_tilt,1.05,1.05,central_screening,0.17354163878433518,152.33410470586372,0.13601259348737832
fixed_tilt,1.05,1.05,lower_resistance,0.38360575759645543,336.7274854197435,0.3006495405533424
fixed_tilt,1.05,1.05,upper_resistance,0.06986392675266821,61.3262546536723,0.05475558451220741
fixed_tilt,1.1,1.1,central_screening,0.20554431041132412,180.42591232415828,0.16109456457514132
fixed_tilt,1.1,1.1,lower_resistance,0.4338733458054563,380.8521583177407,0.3400465699265542
fixed_tilt,1.1,1.1,upper_resistance,0.08531946923850192,74.89306342542073,0.06686880662983995
fixed_tilt,1.15,1.15,central_screening,0.23985889189041487,210.5471044748777,0.18798848613828367
fixed_tilt,1.15,1.15,lower_resistance,0.48346634682164097,424.384681477015,0.3789148941759063
fixed_tilt,1.15,1.15,upper_resistance,0.10265665000554783,90.11156619381832,0.08045675553019493
fixed_tilt,1.2,1.2,central_screening,0.2760937391134468,242.35389764302292,0.2163874086098419
fixed_tilt,1.2,1.2,lower_resistance,0.5316080484917214,466.64326030743723,0.4166457681316404
fixed_tilt,1.2,1.2,upper_resistance,0.12188957086763508,106.99414147043979,0.09553048345574981
fixed_tilt,1.25,1.25,central_screening,0.3138060235099115,275.4575788125183,0.24594426679689135
fixed_tilt,1.25,1.25,lower_resistance,0.5776699544195784,507.07620337354354,0.4527466101549496
fixed_tilt,1.25,1.25,upper_resistance,0.14299601255859679,125.52128527893419,0.11207257614190552
fixed_tilt,1.3,1.3,central_screening,0.3525253415520644,309.4452297883334,0.27629038373958337
fixed_tilt,1.3,1.3,lower_resistance,0.6211778788498358,545.2672724571431,0.4868457789795921
fixed_tilt,1.3,1.3,upper_resistance,0.16591403626489643,145.63862799496974,0.130034489281223
fixed_tilt,1.35,1.35,central_screening,0.39177659378692214,343.8998103124445,0.3070534020646826
fixed_tilt,1.35,1.35,lower_resistance,0.6618056817146935,580.9301832083529,0.5186876635788865
fixed_tilt,1.35,1.35,upper_resistance,0.19054140939598274,167.2564302899191,0.14933609847314205
fixed_tilt,1.4,1.4,central_screening,0.4311002288956237,378.41792821214045,0.3378731501894111
fixed_tilt,1.4,1.4,lower_resistance,0.6993607121218515,613.8958275018555,0.5481212745552281
fixed_tilt,1.4,1.4,upper_resistance,0.21673775327110628,190.25146836111713,0.16986738246528316
fixed_tilt,1.45,1.45,central_screening,0.4700686890813188,412.6242750908343,0.3684145313311021
fixed_tilt,1.45,1.45,lower_resistance,0.7337645638315121,644.0953806773181,0.575085161319034
fixed_tilt,1.45,1.45,upper_resistance,0.24432899779370956,214.47094422589575,0.1914919144874069
fixed_tilt,1.5,1.5,central_screening,0.5082985569516422,446.1822888092967,0.3983770435797292
fixed_tilt,1.5,1.5,lower_resistance,0.7650320129778266,671.5418131617962,0.5995909046087466
fixed_tilt,1.5,1.5,upper_resistance,0.2731135491806444,239.7378997277845,0.2140516961855219
fixed_tilt,1.55,1.55,central_screening,0.5454584261596347,478.80106230043134,0.427500948482528
fixed_tilt,1.55,1.55,lower_resistance,0.7932502187720819,696.3116329363787,0.6217068151217667
fixed_tilt,1.55,1.55,upper_resistance,0.30286951453544225,265.85755823587846,0.2373728198534629
fixed_tilt,1.6,1.6,central_screening,0.5812728804438139,510.2388363535481,0.45557038960138224
fixed_tilt,1.6,1.6,lower_resistance,0.8185595477885242,718.5280531766946,0.6415429046220488
fixed_tilt,1.6,1.6,upper_resistance,0.3333623534979467,292.62404123000175,0.26127146538393015
fixed_tilt,1.65,1.65,central_screening,0.6155231799761615,540.3036020876768,0.48241393043542574
fixed_tilt,1.65,1.65,lower_resistance,0.8411367914125644,738.3462606010719,0.6592377326795285
fixed_tilt,1.65,1.65,upper_resistance,0.3643524120422375,319.82698143614766,0.28555980485370325
fixed_tilt,1.7,1.7,central_screening,0.6480453468914121,568.8514204374052,0.5079030539619689
fixed_tilt,1.7,1.7,lower_resistance,0.861181099969501,755.9410685091821,0.674947382597484
fixed_tilt,1.7,1.7,upper_resistance,0.3956019094377956,347.2576559509619,0.3100514785276446
fixed_tilt,1.75,1.75,central_screening,0.6787263452659712,595.7830689547891,0.5319491687096332
fixed_tilt,1.75,1.75,lower_resistance,0.8789026462324453,771.4969656580158,0.6888365764803712
fixed_tilt,1.75,1.75,upper_resistance,0.4268810747694497,374.7143728525792,0.33456640433266
fixed_tilt,1.8,1.8,central_screening,0.7074989949211242,621.0395771676691,0.5544996224711332
fixed_tilt,1.8,1.8,lower_resistance,0.894513833447139,785.2003987038529,0.7010717845570115
fixed_tilt,1.8,1.8,upper_resistance,0.4579732488732655,402.0069496580205,0.3589347764803755
fixed_tilt,1.85,1.85,central_screening,0.7343361687572382,644.5971330245698,0.575533154486223
fixed_tilt,1.85,1.85,lower_resistance,0.9082227530698472,797.2340294327015,0.7118160977077692
fixed_tilt,1.85,1.85,upper_resistance,0.48867887156532086,428.96021329547625,0.38300019044238953
fixed_tilt,1.9,1.9,central_screening,0.7592447194468785,666.4617517720187,0.595055135510731
fixed_tilt,1.9,1.9,lower_resistance,0.9202285507384769,807.7726670296603,0.7212255955621967
fixed_tilt,1.9,1.9,upper_resistance,0.5188183578778561,455.41652485203815,0.4066218971893198
fixed_tilt,1.95,1.95,central_screening,0.7822594769620411,686.6640070097473,0.61309286340156
fixed_tilt,1.95,1.95,lower_resistance,0.9307183548937024,816.9805720357433,0.7294469393176279
fixed_tilt,1.95,1.95,upper_resistance,0.5482339294856546,481.237387191905,0.4296762385642009
fixed_tilt,2.0,2.0,central_screening,0.803437562302518,705.2540393058877,0.629691106523114
fixed_tilt,2.0,2.0,lower_resistance,0.9398654446603651,825.0098481220454,0.7366159358232548
fixed_tilt,2.0,2.0,upper_resistance,0.5767905098047409,506.3042306701732,0.45205734881265464
tracker,0.0,0.0,central_screening,0.0,0.0,0.0
tracker,0.0,0.0,lower_resistance,0.0,0.0,0.0
tracker,0.0,0.0,upper_resistance,0.0,0.0,0.0
tracker,0.05,0.05,central_screening,7.213984506450347e-18,6.332404596672979e-15,5.653932675600874e-18
tracker,0.05,0.05,lower_resistance,1.0289655803012749e-15,9.032215642675667e-13,8.0644782523889885e-16
tracker,0.05,0.05,upper_resistance,3.43452645460913e-20,3.014812561506781e-17,2.6917969299167686e-20
tracker,0.1,0.1,central_screening,1.011476130903924e-11,8.878694007498827e-09,7.927405363838239e-12
tracker,0.1,0.1,lower_resistance,4.4116636636658336e-10,3.8725394042354064e-07,3.4576244680673274e-10
tracker,0.1,0.1,upper_resistance,1.5887874868227966e-13,1.394630827900633e-10,1.2452060963398509e-13
tracker,0.15,0.15,central_screening,7.304255473704193e-09,6.411644063776526e-06,5.7246821998004696e-09
tracker,0.15,0.15,lower_resistance,1.620301559544042e-07,0.00014222937454992868,1.2699051299100775e-07
tracker,0.15,0.15,upper_resistance,2.2743854679487695e-10,1.9964457892815328e-07,1.7825408832870828e-10
tracker,0.2,0.2,central_screening,3.712087766046421e-07,0.0003258454687828581,2.90933454270409e-07
tracker,0.2,0.2,lower_resistance,5.170317141993149e-06,0.004538482167093612,4.052216220619297e-06
tracker,0.2,0.2,upper_resistance,1.8600772002823375e-08,1.6327677724706174e-05,1.457828368277337e-08
tracker,0.25,0.25,central_screening,5.186264712203868e-06,0.004552480875687708,4.064715067578311e-06
tracker,0.25,0.25,lower_resistance,5.117240935208378e-05,0.044918921008802286,4.01061794721449e-05
tracker,0.25,0.25,upper_resistance,3.724181918088603e-07,0.0003269070882514929,2.918813287959758e-07
tracker,0.3,0.3,central_screening,3.4815221421970905e-05,0.030560651741010716,2.7286296197330995e-05
tracker,0.3,0.3,lower_resistance,0.0002640869397885022,0.23181438079645558,0.00020697712571112104
tracker,0.3,0.3,upper_resistance,3.3227670527026635e-06,0.002916710638814663,2.604205927513092e-06
tracker,0.35,0.35,central_screening,0.00014843032626549624,0.13029150249614108,0.00011633169865726882
tracker,0.35,0.35,lower_resistance,0.0009185288502556168,0.806280677250502,0.0007198934618308054
tracker,0.35,0.35,upper_resistance,1.7852737796734973e-05,0.015671056513381503,1.3992014744090628e-05
tracker,0.4,0.4,central_screening,0.00046942630434358695,0.4120603925287899,0.0003679110647578481
tracker,0.4,0.4,lower_resistance,0.002474714848981613,2.172294059009136,0.001939548266972443
tracker,0.4,0.4,upper_resistance,6.842131987864351e-05,0.060059940539454584,5.3624946910227305e-05
tracker,0.45,0.45,central_screening,0.0012066758739557734,1.059214896303093,0.0009457275859849044
tracker,0.45,0.45,lower_resistance,0.005591282801892556,4.908004014195576,0.00438214644124605
tracker,0.45,0.45,upper_resistance,0.000206882230584594,0.18160033290235889,0.00016214315437710616
tracker,0.5,0.5,central_screening,0.00266595221552022,2.340161397487879,0.0020894298191856064
tracker,0.5,0.5,lower_resistance,0.011108574445425295,9.75105890757007,0.008706302596044704
tracker,0.5,0.5,upper_resistance,0.0005250187986901105,0.46085924514978915,0.0004114814688837403
tracker,0.55,0.55,central_screening,0.005247087230702036,4.605870621032274,0.00411238448306453
tracker,0.55,0.55,lower_resistance,0.019997948231425783,17.554113013616647,0.015673315190729148
tracker,0.55,0.55,upper_resistance,0.001163362475793749,1.021194581541745,0.000911780876376558
tracker,0.6,0.6,central_screening,0.009427549071546616,8.27546205881677,0.007388805409657829
tracker,0.6,0.6,lower_resistance,0.03327640703049887,29.209887081442737,0.026080256322716728
tracker,0.6,0.6,upper_resistance,0.0023122231718625333,2.0296595631643055,0.0018121960385395586
tracker,0.65,0.65,central_screening,0.015737180052460525,13.814029017357337,0.012333954479783336
tracker,0.65,0.65,lower_resistance,0.05188797567323713,45.54704205026616,0.04066700183059478
tracker,0.65,0.65,upper_resistance,0.00420426765451484,3.6904880787154957,0.003295078641710264
tracker,0.7,0.7,central_screening,0.024727206769264414,21.705435833493347,0.019379853422761918
tracker,0.7,0.7,lower_resistance,0.07656409028420594,67.20762940678318,0.060006811970342126
tracker,0.7,0.7,upper_resistance,0.007101953323496049,6.23406410574509,0.005566128665843831
tracker,0.75,0.75,central_screening,0.03693293401027969,32.41957074986748,0.02894604531238168
tracker,0.75,0.75,lower_resistance,0.10769165108818993,94.53126850555293,0.0844029183085294
tracker,0.75,0.75,upper_resistance,0.011284399892299493,9.905397729202235,0.008844105115359139
tracker,0.8,0.8,central_screening,0.05282925955701295,46.373296998147815,0.041404729462631976
tracker,0.8,0.8,lower_resistance,0.1452240189818632,127.47701974211388,0.11381876762688739
tracker,0.8,0.8,upper_resistance,0.01703640090062346,14.95447949429474,0.013352213834191731
tracker,0.85,0.85,central_screening,0.07278194890576366,63.88768195905854,0.057042573177730836
tracker,0.85,0.85,lower_resistance,0.18865977256881772,165.60473756962634,0.1478613728300235
tracker,0.85,0.85,upper_resistance,0.02463930296005498,21.628274247547996,0.019310959149596425
tracker,0.9,0.9,central_screening,0.09700205227815535,85.1479846101235,0.07602498625903883
tracker,0.9,0.9,lower_resistance,0.23709301120815204,208.11922629873945,0.18582073776673166
tracker,0.9,0.9,upper_resistance,0.03436163826483695,30.16249839501444,0.02693080213840575
tracker,0.95,0.95,central_screening,0.1255125395930314,110.17436784738703,0.09836997129230984
tracker,0.95,0.95,lower_resistance,0.28931910669478417,253.96306846808739,0.22675273970364945
tracker,0.95,0.95,upper_resistance,0.04644750472865197,40.77142003628035,0.03640305360382174
tracker,1.0,1.0,central_screening,0.1581342432034389,138.80955908035142,0.12393710632174233
tracker,1.0,1.0,lower_resistance,0.34396892006000607,301.934439775001,0.26958432122767945
tracker,1.0,1.0,upper_resistance,0.06110218437438101,53.635234848802945,0.047888602543574056
tracker,1.05,1.05,central_screening,0.19449381363594084,170.72583374575433,0.15243378013013778
tracker,1.05,1.05,lower_resistance,0.39964391233679325,350.8057087246395,0.31321938278985667
tracker,1.05,1.05,upper_resistance,0.07847626784935147,68.88613065562224,0.061505473799662716
tracker,1.1,1.1,central_screening,0.23405165365060887,205.44953570537984,0.183437085451232
tracker,1.1,1.1,lower_resistance,0.4550311529577298,399.4243905074245,0.35662892009591474
tracker,1.1,1.1,upper_resistance,0.09865072535492345,86.59518275151157,0.07731712745670676
tracker,1.15,1.15,central_screening,0.27614429416303055,242.39827464828028,0.21642703093596452
tracker,1.15,1.15,lower_resistance,0.5089866043743101,446.78625387993634,0.398916298107086
tracker,1.15,1.15,upper_resistance,0.12162558256060864,106.76241366905798,0.09532358363308747
tracker,1.2,1.2,central_screening,0.3200340852050452,280.92454460255624,0.25082548625228235
tracker,1.2,1.2,lower_resistance,0.560583794550418,492.078045670513,0.4393553979201009
tracker,1.2,1.2,upper_resistance,0.1473142473151791,129.31181319005523,0.11545697606254932
tracker,1.25,1.25,central_screening,0.3649592670436619,320.3596761483553,0.28603542513246005
tracker,1.25,1.25,lower_resistance,0.6091312718414506,534.6928125971306,0.4774042969617237
tracker,1.25,1.25,upper_resistance,0.17554445669276442,154.09216965849788,0.13758229433794453
tracker,1.3,1.3,central_screening,0.4101788907861684,360.0532675319843,0.321476131724986
tracker,1.3,1.3,lower_resistance,0.6541656731324984,574.2238165088881,0.5126998361686501
tracker,1.3,1.3,upper_resistance,0.20606566773975246,180.88355754644795,0.1615031763807571
tracker,1.35,1.35,central_screening,0.455009008316517,399.40495203653757,0.3566115643183371
tracker,1.35,1.35,lower_resistance,0.6954282803906089,610.4439558283361,0.5450392462753001
tracker,1.35,1.35,upper_resistance,0.23856178750424248,209.4085118191798,0.1869718855528391
tracker,1.4,1.4,central_screening,0.49884850296855193,437.88707203584494,0.3909706000320044
tracker,1.4,1.4,lower_resistance,0.7328323736417144,643.277108134929,0.574354560834758
tracker,1.4,1.4,upper_resistance,0.27266757042338297,239.34642149131537,0.2137021620458173
tracker,1.45,1.45,central_screening,0.5411945434853667,475.05824441358027,0.4241591467978395
tracker,1.45,1.45,lower_resistance,0.766427273004922,672.7665664172589,0.6006844343011241
tracker,1.45,1.45,upper_resistance,0.3079868185080629,270.34950567072826,0.24138348720600739
tracker,1.5,1.5,central_screening,0.5816487686180737,510.5687893774823,0.4558649905156092
tracker,1.5,1.5,lower_resistance,0.7963632825429554,699.0442669356324,0.6241466669068146
tracker,1.5,1.5,upper_resistance,0.3441106342567026,302.058835887825,0.269695389185558
tracker,1.55,1.55,central_screening,0.6199159459723547,544.15955320062,0.48585674392912503
tracker,1.55,1.55,lower_resistance,0.8228601730446077,722.303123543957,0.6449135031642473
tracker,1.55,1.55,upper_resistance,0.38063429395548365,334.11914740597155,0.2983206673267603
tracker,1.6,1.6,central_screening,0.6557970774739471,575.6558562286276,0.5139784430612746
tracker,1.6,1.6,lower_resistance,0.8461805542744407,742.7736539649634,0.6631907624687173
tracker,1.6,1.6,upper_resistance,0.41717172484000387,366.19154721177637,0.3269567385819432
tracker,1.65,1.65,central_screening,0.6891788591300089,604.9582407035275,0.5401412863424353
tracker,1.65,1.65,lower_resistance,0.8666085448368945,760.7052562885905,0.6792011216862415
tracker,1.65,1.65,upper_resistance,0.4533669975376689,397.9636020316315,0.3553246446710996
tracker,1.7,1.7,central_screening,0.7200211578417322,632.0314779636639,0.5643138196104142
tracker,1.7,1.7,lower_resistance,0.88443352759828,776.3519495512232,0.6931713835278779
tracker,1.7,1.7,upper_resistance,0.4889026264595444,429.15662438000834,0.3831755574821503
tracker,1.75,1.75,central_screening,0.7483438371143362,656.8930041085518,0.5865116108112071
tracker,1.75,1.75,lower_resistance,0.899938421986661,789.962079210931,0.7053232850097598
tracker,1.75,1.75,upper_resistance,0.5235047731808267,459.5302400644723,0.4102948572004217
tracker,1.8,1.8,central_screening,0.7742139153297949,679.6016475858676,0.6067871853445246
tracker,1.8,1.8,lower_resistance,0.9133917429286595,801.7713465163231,0.7158672736752885
tracker,1.8,1.8,upper_resistance,0.5569456607474991,488.8845074536905,0.43650402451222364
tracker,1.85,1.85,central_screening,0.7977337187048604,700.2472299089151,0.6252207409901027
tracker,1.85,1.85,lower_resistance,0.9250426862517385,811.9984944937928,0.7249986557980292
tracker,1.85,1.85,upper_resistance,0.5890436346782936,517.0599710246909,0.46166068841490254
tracker,1.9,1.9,central_screening,0.8190304196026169,718.9413824314688,0.6419119485995257
tracker,1.9,1.9,lower_resistance,0.9351185304281621,820.8430272095334,0.732895560008512
tracker,1.9,1.9,upper_resistance,0.6196613623315301,543.9360807748125,0.48565721497751113
tracker,1.95,1.95,central_screening,0.8382471379874714,735.8097352432078,0.6569729778957213
tracker,1.95,1.95,lower_resistance,0.9438237362353412,828.4844194552577,0.7397182316564801
tracker,1.95,1.95,upper_resistance,0.6487026631222923,569.428409799965,0.5084182230356831
tracker,2.0,2.0,central_screening,0.8555356282361991,750.9854976838798,0.6705227657891784
tracker,2.0,2.0,lower_resistance,0.9513402330575608,835.0823680626247,0.745609257198772
tracker,2.0,2.0,upper_resistance,0.6761084248558854,593.4850696696883,0.5298973836336502
