source_id,citation,url,accessed_on,exact_locator,source_type,source_role,pathway_ids,evidence_tier,target_asset_match,target_failure_unit_match,measured_or_modeled_endpoint,permitted_inference,prohibited_inference,decision,status,notes
TCWS-S001,NOAA/National Hurricane Center. Glossary of NHC Terms: Maximum Sustained Surface Wind.,https://www.nhc.noaa.gov/aboutgloss.shtml,2026-07-28,entry: Maximum Sustained Surface Wind,government glossary,axis_bridge,tropical_cyclone_wind,T2_public_lab_standard_or_physics,none,none,highest one-minute average wind at 10 m in unobstructed exposure associated with the cyclone at a point in time,"Define the source-native NHC storm-intensity quantity and require explicit height, averaging-period, terrain, gust, and local-demand bridges.",Treat storm category or maximum sustained surface wind as array-height component demand or damage without a qualified bridge.,adopt_with_limits,reviewed,Hazard semantics only; no curve or universal gust factor.
TCWS-S002,"Ceferino, L.; Lin, N.; Xi, D. Bayesian updating of solar panel fragility curves and implications of higher panel strength for solar generation resilience. Reliability Engineering & System Safety 229, 108896 (2023). DOI 10.1016/j.ress.2022.108896.",https://par.nsf.gov/servlets/purl/10481168,2026-07-28,§2.1 and Table 1 pp. 2–3; §2.2 pp. 3–4; Eq. 1 and §3.1 p. 4; §4.2 and Figs. 5c/5d/6b p. 7,peer-reviewed field-informed Bayesian fragility study,curve_fit_shape,tropical_cyclone_wind,T1_claims_or_field_calibrated,direct,partial,"probability that a large ground-mounted site has extensive structural failure, defined as clip/racking failure in more than 50% of panels, conditional on reconstructed 3-second gust; 14 Caribbean sites","Retain the source-native extensive-failure probability and posterior parameter summaries as a narrowly scoped candidate; preserve the 14-site population, reconstructed-wind uncertainty, composite limit state, and Bayesian parameter uncertainty.","Call probability economic DR; split the composite site limit state into module, fixed-rack, tracker, foundation, or electrical DR; transfer to a named CONUS architecture; use a deterministic curve made from posterior medians as the paper's posterior mean curve.",defer_candidate_only,reviewed,"Ground-mounted posterior summaries: median v approximately 90 m/s, median beta approximately 0.15; these are audit candidates, not runtime parameters. Debris from damaged panels participated in observed cascades."
TCWS-S003,"Perry, K.; Jordan, D. C.; Nguyen, Q. Assessing the Impacts of Extreme Weather Events on Photovoltaic Installations Using Remote Sensing Imagery. Progress in Photovoltaics: Research and Applications 33(9), 1012–1023 (2025). DOI 10.1002/pip.70001; NREL/JA-5K00-92873.",https://www.osti.gov/pages/biblio/2574727,2026-07-28,abstract p. 1012; §§2.1 and 2.4 pp. 1013–1016; §3.1 and Figs. 4–5/Table 2 pp. 1016–1018; Discussion pp. 1021–1022,peer-reviewed field remote-sensing study with public DOE archive,case_study_severity,tropical_cyclone_wind,T1_claims_or_field_calibrated,partial,partial,"visible post-event PV site damage and percent module area missing/damaged for 1,534 mixed residential, commercial, and utility sites after Hurricanes Maria and Irma, joined to third-party maximum gust estimates","Use as a fleet-scale visible-damage constraint, installation/mounting-data requirement, and field-data-program method; retain the reported weak gust-damage relationship and site heterogeneity.","Fit a utility-scale ground-mount curve from the aggregate; infer fixed-versus-tracker fragility, component disposition, hidden electrical damage, direct repair cost, or independence from the Ceferino Caribbean-event evidence.",adopt_with_limits,reviewed,Reported aggregate: 17% with visible hurricane damage and 2.8% with more than 50% visible damage. Mounting issues were proprietary for key paired sites; utility-scale subset is not separately calibrated.
TCWS-S004,"U.S. DOE Federal Energy Management Program; Elsworth, J.; Van Geet, O.; Robinson, G.; et al. Toward Solar Photovoltaic Storm Resilience: Learning from Hurricane Loss and Rebuilding Better (February 2023).",https://www.energy.gov/sites/default/files/2023-02/femp-toward-solar-pv-storm-resilience-learning-from-hurricane-loss-rebuilding-better_0.pdf,2026-07-28,Executive Summary pp. vi–vii; §1.1 and Table 1 pp. 2–3; §§2–2.1 pp. 5–6; §§3.1–3.6 pp. 7–12,government-sponsored field investigation and engineering case study,case_study_severity,tropical_cyclone_wind,T3_engineering_proxy_or_adjacent_empirical,direct,partial,"one 469 kW fixed-tilt St. Croix ground array assessed as total loss after Maria, with observed rack, clamp, fastener, corrosion, electrical-enclosure, water-ingress, and cascading mechanisms plus site-specific redesign analyses","Use to define failure units, construction/maintenance selectors, dependency chains, compound-peril boundaries, and exact-site engineering-review requirements.","Use the reported 104 mph event estimate or 145 mph design value as a population threshold; isolate wind-only economic loss; transfer the 12-degree rebuild tilt, pressures, or hardening benefit as universal modifiers.",adopt_with_limits,reviewed,"The event combined high wind, wind-driven rain, and flash flooding; the report is one detailed case, not a pure-wind fragility dataset."
TCWS-S005,ASCE/SEI 7-22. Minimum Design Loads and Associated Criteria for Buildings and Other Structures.,https://www.asce.org/publications-and-news/asce-7/,2026-07-28,Ch. 26 wind-speed definitions and symbols; Ch. 29 §29.4.5; Ch. 31 §31.4.5,consensus design standard,axis_bridge,tropical_cyclone_wind,T2_public_lab_standard_or_physics,direct,partial,design wind basis and ground-mounted fixed-tilt solar load provisions,"Anchor design-basis lineage, 3-second gust semantics, risk category, exposure, and fixed-tilt demand normalization when the licensed project record confirms the exact edition and provisions.","Treat a code design wind as failure capacity, fragility median, economic loss state, or tracker aeroelastic qualification.",adopt_with_limits,reviewed,Official page confirms current standard identity; licensed normative text is not copied into the cell.
TCWS-S006,FM. Property Loss Prevention Data Sheet 7-106: Ground-Mounted Solar Photovoltaic Power (April 2026).,https://www.fm.com/-/media/project/publicwebsites/fmglobal/documentum-new/data-sheet-individual/07-hazards/fmds07106.pdf,2026-07-28,§§2.1.2.1–2.1.2.4 pp. 2–4; §§3.1.1–3.1.2 pp. 10–12; Appendix B revision history p. 22,insurer engineering guidance,selector_archetype,tropical_cyclone_wind,T2_public_lab_standard_or_physics,direct,partial,"fixed-tilt design/wind-tunnel requirements; tracker third-party static, dynamic, and aeroelastic evaluation; site anemometers; operational stow trigger 25% below tested instability speed; debris-zone guidance","Require architecture-specific qualification, named instability test, anemometer/control evidence, and windborne-debris boundary fields.",Use 0.75 of tested instability speed as damage onset; use debris design-speed zones as fragility thresholds; assign numeric mitigation credit or economic DR.,adopt_with_limits,reviewed,"The 25%-below value is an operational action margin, not a vulnerability ordinate."
TCWS-S007,"International Electrotechnical Commission. IEC 62817:2014+A1:2017, Photovoltaic systems—Design qualification of solar trackers.",https://webstore.iec.ch/en/publication/61127,2026-07-28,official scope and product-detail page; tracker component and complete-system test-procedure description,international qualification standard,selector_archetype,tropical_cyclone_wind,T2_public_lab_standard_or_physics,direct,partial,design qualification and reported specification-sheet/test identity for solar trackers,"Require exact tracker model, configuration, qualification edition, and test identity as selector metadata.","Infer site wind capacity, tropical-cyclone fragility, Ucrit for an unnamed tracker, stow reliability, or economic DR.",adopt_with_limits,reviewed,Qualification provenance is necessary but not sufficient for a damage curve.
TCWS-S008,"International Electrotechnical Commission. IEC 61730-2:2023 with COR1:2024, Photovoltaic module safety qualification—Part 2: Requirements for testing.",https://webstore.iec.ch/en/publication/63895,2026-07-28,"official scope, objective, test-sequence, and pass-criteria description; corrigendum status",international safety standard,selector_archetype,all_shared,T2_public_lab_standard_or_physics,direct,partial,PV module safety-qualification test requirements used with IEC 61730-1,Record module qualification lineage and prevent unqualified module-class aliases.,"Treat safety qualification as tropical-cyclone survival, module/rack structural fragility, wind-load capacity, or replacement-cost ratio.",adopt_with_limits,reviewed,Safety scope only; not a hurricane damage test.
TCWS-S009,"U.S. DOE/FEMP and GSA. PV System Owner's Guide to Identifying, Assessing, and Addressing Weather Vulnerabilities, Risks, and Impacts (2021).",https://www.energy.gov/sites/default/files/2021-09/pv-system-owners-guide-to-weather-vulnerabilities.pdf,2026-07-28,§5; PDF pp. 43–50 for clamps/racking and pp. 56–58 for high-wind field context,government field-audit guidance,mechanism_only,tropical_cyclone_wind,T2_public_lab_standard_or_physics,direct,partial,"field-audit taxonomy for modules, clamps, fasteners, racking, wiring, enclosures, maintenance, and observed cascade mechanisms",Support candidate failure-unit coverage and selector/conditioner inspection fields.,"Supply a numerical hurricane fragility, median, dispersion, component severity, or loss cap.",adopt_with_limits,reviewed,Reused from the governed strong_wind_solar evidence spine at qualitative mechanism grain only.
TCWS-S010,"Browne, M. T. L.; Taylor, Z. J.; Li, S.; Gamble, S. A wind load design method for ground-mounted multi-row solar arrays based on a compilation of wind tunnel experiments. Journal of Wind Engineering and Industrial Aerodynamics 205, 104294 (2020). DOI 10.1016/j.jweia.2020.104294.",https://doi.org/10.1016/j.jweia.2020.104294,2026-07-28,abstract; §§1–5; limitations on flexible single-axis trackers,peer-reviewed atmospheric-boundary-layer wind-tunnel synthesis,axis_bridge,tropical_cyclone_wind,T2_public_lab_standard_or_physics,direct,partial,"static and dynamic design wind coefficients for relatively rigid, fixed-tilt, multi-row ground-mounted arrays, including array zoning","Support a separate fixed-tilt demand bridge, perimeter/interior zoning, and small-deflection eligibility checks.","Transfer synoptic ABL coefficients to a tropical-cyclone site without basis; apply to flexible trackers; infer failure probability, damage state, or DR.",adopt_with_limits,reviewed,Strong-wind substrate reused at engineering-design grain; no numerical vulnerability transfer.
TCWS-S011,"Rodríguez-Casado, C.; Martínez-García, E.; Manzanares-Bercial, R.; et al. Experimental benchmark for the 3D wind tunnel testing of torsional aeroelastic instabilities in single-axis solar trackers. Journal of Wind Engineering and Industrial Aerodynamics 253, 105838 (2024). DOI 10.1016/j.jweia.2024.105838.",https://doi.org/10.1016/j.jweia.2024.105838,2026-07-28,abstract; prototype and experimental-methodology sections; stability results; conclusions,peer-reviewed two-laboratory aeroelastic benchmark,axis_bridge,tropical_cyclone_wind,T2_public_lab_standard_or_physics,direct,partial,critical velocity for torsional instability of one defined 3D benchmark tracker by tilt and row position under controlled uniform-flow tests,Support exact-system Ucrit normalization and qualification metadata for a tracker-specific future bridge.,"Use benchmark Ucrit as a generic production-tracker threshold, transfer uniform-flow results to a site TC field without qualification, or infer failure probability/economic DR.",adopt_with_limits,reviewed,Critical speed depends on the defined tracker and tilt; the source is not a population fragility.
TCWS-S012,"Frontini, G.; Calamelli, F.; Muggiasca, S.; Argentini, T. Key parameters influencing wind-induced aeroelastic responses of single-axis solar trackers in photovoltaic plants. Solar Energy 287, 113232 (2025). DOI 10.1016/j.solener.2024.113232.",https://doi.org/10.1016/j.solener.2024.113232,2026-07-28,abstract; experimental/numerical method; stability map; stress envelopes; conclusions,peer-reviewed wind-tunnel and finite-element study,selector_archetype,tropical_cyclone_wind,T2_public_lab_standard_or_physics,direct,partial,"tracker aeroelastic response and stress sensitivity to row position, pitch, wind direction/exposure angle, and ground-cover ratio","Require row/zone, angle, direction, layout, and structural-dynamic attributes for tracker routing.","Transfer tested critical speeds or angle ranking to another tracker, claim tropical-cyclone equivalence, or infer probability/severity/cost.",adopt_with_limits,reviewed,Architecture and conditioner evidence only.
TCWS-S013,"Ramasamy, V.; Woodhouse, M.; Feldman, D. Q1-2025 Solar Photovoltaic System Cost Benchmarks. NLR Data Catalog submission 304 (2025; updated 2026-01-06). DOI 10.7799/3009689.",https://data.nrel.gov/submissions/304,2026-07-28,dataset landing page; UPV Q1-2025 resource; PVSCM 2025 model and description,official public cost dataset and model,exposure_or_value,all_shared,T2_public_lab_standard_or_physics,direct,partial,"U.S. reference utility-scale PV component, balance-of-system, fieldwork, support, soft-cost, and installed-cost rows",Supply a row-level reference value ledger and denominator reconciliation after architecture/vintage/unit checks.,"Infer fragility, damage probability, repair disposition, site replacement cost, exposed fraction, or support allocation.",adopt_with_limits,reviewed,"Reference-value evidence only. The exact parent-ledger alias is value_source_id NLR_Q1_2025_UPV_PV_ONLY_2024_USD; that ledger governs rows, units, vintage, and support allocation."
TCWS-S014,"Du, X.; Becker, T.; Taylor, Z. J.; Needham, C. Cyclic Demands on Solar Structural Joints under Wind Loading. Journal of Structural Engineering 151(10), 04025156 (2025). DOI 10.1061/JSENDH.STENG-14435.",https://doi.org/10.1061/JSENDH.STENG-14435,2026-07-28,abstract; Introduction; Prototype Structure; Wind Hazard Analysis; Conclusions,peer-reviewed CFD/FEA and wind-hazard study,mechanism_only,tropical_cyclone_wind,T2_public_lab_standard_or_physics,direct,partial,"lifetime cyclic rotation demands for shared top-down clamps on a prototype fixed-tilt array under typical, explicitly non-hurricane winds","Support joint-condition, preload/installation, cyclic-demand, and cascading-dependency fields; demonstrate that equivalent-static design does not exhaust failure mechanisms.","Use the duty cycles as TC demand, a hurricane threshold, clamp failure probability, or repair-cost ratio.",adopt_with_limits,reviewed,The paper explicitly excludes extreme/hurricane winds from its hazard scenarios.
TCWS-S015,Damage Modeling strong_wind_solar model-v2.0/docs-r1 proposed evidence package.,docs/cells/strong_wind_solar/proposed/SOURCE_REGISTER_strong_wind_solar__model_v2_0__docs_r1.csv,2026-07-28,"rows DOE_PV_OWNER_GUIDE_2021, FIXED_TILT_WIND_DESIGN_2020, PV_TRACKER_AEROELASTIC_2024, TRACKER_LAYOUT_AEROELASTIC_2025, FM_DS_7_106_2026, ASCE_7_22, IEC_62817; neighboring-wind boundary memo",governed cross-cell evidence lineage,mechanism_only,tropical_cyclone_wind,T3_engineering_proxy_or_adjacent_empirical,direct,partial,"previously reviewed solar anatomy, fixed-versus-tracker split, wind-demand mechanisms, and source transfer limits","Reuse source discovery, anatomy, terminology, and governance controls while independently registering primary sources here.","Inherit straight-line-convective axes, curves, T4 medians/beta/state costs, downburst profiles, or consumer behavior into tropical-cyclone wind.",adopt_with_limits,reviewed,Evidence reuse is not numerical model reuse.
LEG-TCWS-001,InfraSure legacy HURRICANE x SOLAR research memo and master curve index.,infrasure-damage-curves/research/HURRICANE_x_SOLAR.md,2026-07-28,"memo §§2.6–2.8, §5, §6, Appendix A; data/master_curve_index.json lines 219–299",legacy research memo and curve index,rejected,tropical_cyclone_wind,T4_placeholder_or_expert_judgment,direct,partial,"seven proposed ordinary-logistic subsystem records on 3-second gust mph, later presented as damage ratios","Use only for source discovery, numerical reproduction, defect audit, and migration regression fixtures.","Adopt any parameter, threshold, cap, confidence label, architecture shift, economic endpoint, or source characterization.",reject_runtime_retain_audit,reviewed,Pinned at legacy repository commit 12653b2c3d5a013c9524228243ea666c35bb3814; memo blob ea9febd74f91e79a41b5f7aca5ebd58d36a7230d; index blob 42e4b3d13d434322dd1e0c8d549d0e4b8167f28e. The memo misstates the Ceferino ground-mount posterior and converts a probability endpoint into capped DR.
LEG-TCWS-002,Hazard Modeling hurricane-solar M3 provisional placeholder implementation.,Hazard_modeling/Notebooks/hurricane/solar/m3_damage/01_damage.py,2026-07-28,"lines 14–39, 56–105, 136–183, and 197–207",consumer code,rejected,tropical_cyclone_wind,T4_placeholder_or_expert_judgment,direct,partial,"anchored legacy logistics blended with hardcoded full-TIV shares PV 0.35, mounting 0.15, substation 0.08, and remainder 0.42 assigned zero wind DR",Freeze exact behavior only as a migration/regression fixture and document downstream exposure/value assumptions.,"Treat as scientific calibration, a governed Damage artifact, a valid capex denominator, or acceptable runtime fallback after the scaffold exists.",reject_runtime_retain_audit,reviewed,"Pinned at Hazard_modeling commit 5033169cfed315dfe8575520a44f84404e89ecda; file blob d5cba3db1ed9f55bd2e8d1884b4a1f2fc144c3d2. It mixes aerodynamic, debris, rain, and generic substation proxies and calls absent coverage approximately wind-immune."
GOVERNANCE_CONTRACT,"Damage Modeling repository governance: method standards, contracts, and damage-curve skill controls.",docs/method/standards/00_index.md,2026-07-28,docs/method/standards/02_cell_package_standard.md; docs/contracts/standards/20_machine_readable_artifact_standard.md; docs/contracts/standards/21_capability_and_cap_binding_standard.md; damage-curve skill CHANGE_CLASSIFIER and EVIDENCE_PRESSURE_TEST_AND_FAIL_CLOSED_CHECKLIST,internal governance control,governance_rule,all_shared,T4_placeholder_or_expert_judgment,direct,direct,"change classification, provenance, pathway, seven-step, fail-closed, runtime-artifact, and reportability rules","Control package structure, source resolution, candidate isolation, withholding, event identity, and promotion gates.","Serve as scientific calibration, hazard evidence, or economic-value evidence.",adopt,reviewed,Internal authority for governance decisions only.
BOUNDED_SEARCH_LOG,Bounded evidence search log for tropical_cyclone_wind_solar model v0.1/docs r1.,docs/cells/tropical_cyclone_wind_solar/proposed/BOUNDED_EVIDENCE_SEARCH_LOG_tropical_cyclone_wind_solar__model_v0_1__docs_r1.md,2026-07-28,"search cutoff, surfaces, exact query families, endpoint-chain matrix, limitations, and update triggers",governed search record,negative_evidence_boundary,tropical_cyclone_wind,T3_engineering_proxy_or_adjacent_empirical,direct,direct,bounded result that no public matched tropical-cyclone demand-to-failure-unit-disposition-to-same-unit-cost chain was located within the recorded review,Support the scoped NO_RUNTIME_CURVE decision and define evidence-refresh triggers.,"Claim universal absence across private owner/OEM/insurer data, non-indexed material, other languages, or evidence published after the cutoff.",adopt_with_limits,reviewed,"Negative evidence is bounded, reproducible, and not universal."
TCWS-S020,NLR/NREL. Satellite Imagery of PV Site Storm Damage. Dataset DOI 10.21948/2562917 (2025).,https://www.osti.gov/biblio/2562917,2026-07-28,"manual CSV file id f6eb09a0-4a12-4ef8-b2d9-8aa9e70f4008; columns mounting_type, tracking, max_wind_gust_(m/s), pct_modules_damaged (%); SHA256 edb34e74cc078bba1fdbe34463abadc794fd416caa66eb64ac3d0ed176ac5e00; aggregated CSV file id f5355652-f2e1-4bdb-8ff2-3623ce15a1d4; cross-method audit lines 7, 74, 242, 257; SHA256 c1ab48731f875142c571efcfd6323d7e048b35b2d2525418e25e6fefb3487062",government research data archive,curve_fit_shape,tropical_cyclone_wind,T1_claims_or_field_calibrated,partial,direct_visible_module_proxy,47 manually labeled sites; 37 ground; 35 ground non-tracking; percent visibly damaged module area and event maximum gust,Filter ground plus tracking false; convert percent to fraction; fit an unweighted monotone source-cohort screening relationship. Use the four pinned aggregate rows only for the governed apparent-coordinate cross-method audit.,"Claim utility-scale representativeness, local 3-second gust semantics, causal purity, hidden damage, disposition, or repair cost from the raw fields. Treat coordinate proximity as an authoritative identity join.",adopt_with_limits,reviewed,"Raw files are not redistributed because repository metadata states no license; DOI, file IDs, schemas, and hashes are pinned. The manual CSV alone enters the PAVA fit; aggregate rows are audit-only and never enter runtime fitting."
TCWS-S021,"NLR/NREL. Extreme Weather Data Description, file in Satellite Imagery of PV Site Storm Damage dataset DOI 10.21948/2562917.",https://www.osti.gov/biblio/2562917,2026-07-28,data-description PDF file id f3736640-1433-42f6-bd0b-3e2bf9b2951e; pp. 1-2; SHA256 852ff0128c99e188127a3d789ab217f55c98dba4952db590e07c140bf45219d5,government dataset documentation,endpoint_definition,tropical_cyclone_wind,T1_claims_or_field_calibrated,partial,direct_visible_module_proxy,manual site/damage polygons and aggregate percentage of modules blown away; Visual Crossing is documented for the aggregate Irma/Maria weather map but full manual-cohort weather-provider semantics remain unresolved,Define the observed physical fraction while preserving unresolved full-cohort weather-product lineage.,"Invent gust provider, station, averaging period, height, exposure standard, module disposition, or economic denominator for the full manual cohort.",adopt_with_limits,reviewed,The manual and aggregate methods differ; the runtime fit uses only the manual CSV.
TCWS-S022,"Ceferino, L.; Lin, N.; Xi, D. Supplementary Information to Bayesian Updating of Solar Panel Fragility Curves and Implications of Higher Panel Strength for Solar Generation Resilience (2023).",https://ars.els-cdn.com/content/image/1-s2.0-S0951832022005117-mmc1.docx,2026-07-29,Supplementary Table 2 p. 4; SHA256 6a9e9f36e8e13ae2d9ea266258608a031fe6489bd31155f27b784f1ac7e06756,peer-reviewed article supplement,cross_source_endpoint_audit,tropical_cyclone_wind,T1_claims_or_field_calibrated,direct,partial,approximate percent of panels damaged at 14 Caribbean ground-mounted sites based mainly on reports and websites with visual satellite verification,Use as a cross-method same-event and same-site endpoint discrepancy and uncertainty challenge.,"Pool with Perry, treat the approximate values as same-method or independent labels, or convert them to repair cost.",audit_only,reviewed,Matched-site values differ materially from Perry; the evidence is correlated by site/event and the supplement carries no paired site-level source gust table or same-unit cost.
TCWS-S023,Visual Crossing. Weather Data Documentation.,https://www.visualcrossing.com/resources/documentation/weather-data/weather-data-documentation/,2026-07-29,Wind section; windgust field; daily aggregation description,weather-provider technical documentation,axis_semantics_constraint,tropical_cyclone_wind,T3_engineering_proxy_or_adjacent_empirical,none,none,current provider definition of wind gust and daily maximum aggregation,Constrain what can and cannot be inferred from a Visual Crossing windgust field.,Assert that every historical Perry row is an exact 3-second gust at a fixed height/exposure or reconstruct the original query.,adopt_with_limits,reviewed,Vendor method evidence is not calibration authority.
TCWS-S024,Visual Crossing. How Historical Weather Data Records Are Created from Local Weather Station Observations.,https://www.visualcrossing.com/resources/documentation/weather-data/how-historical-weather-data-records-are-created-from-local-weather-station-observations/,2026-07-29,query-time station selection and hourly blending description,weather-provider technical documentation,axis_query_lineage_constraint,tropical_cyclone_wind,T3_engineering_proxy_or_adjacent_empirical,none,none,query-time construction from nearby station observations,Require archived station contributors and query settings before a source-to-Hazard bridge.,Treat a current vendor query as a reproducible copy of the Perry historical source field.,adopt_with_limits,reviewed,Perry's released rows omit contributor and query lineage.
TCWS-S025,"Walker, H. et al. Solar Photovoltaic System and Energy Storage System Field Assessments in Typhoon Mawar. NLR/TP-7A40-89629 (2024). DOI 10.2172/2479116.",https://www.nlr.gov/docs/fy25osti/89629.pdf,2026-07-29,"Executive summary PDF pp. 4-6; report pp. 9-12, 18, 53, 78, 95-97; Tables 1-2 and 7; Figures 8 and A-2",government field investigation,severe_fixed_tilt_audit_and_tracker_boundary,tropical_cyclone_wind,T1_claims_or_field_calibrated,direct,partial,post-event inspected PV damage with estimated regional/site wind context,"Use as a severe fixed-ground audit, installation-quality lesson, and explicit no-tracker boundary.","Pool with Perry, fit a tail, infer economic DR, or treat estimated wind as the Perry or Hazard axis.",audit_only,reviewed,Ground-module counts and some site wind summaries conflict within the report; author clarification is required before numerical ingestion.
TCWS-S026,"Li, A.; Wu, J. Quantitative assessment method of typhoon-induced photovoltaic damage and energy production losses: a case study of the 2024 Typhoon Yagi. Geomatics, Natural Hazards and Risk (2025). DOI 10.1080/19475705.2025.2569795.",https://doi.org/10.1080/19475705.2025.2569795,2026-07-29,"Methods Sections 2.1.2, 2.2.3-2.2.4; Eq. 8; Results and limitations",peer-reviewed regional remote-sensing study,regional_severe_event_audit,tropical_cyclone_wind,T3_engineering_proxy_or_adjacent_empirical,partial,none,satellite-observed PV-area disappearance joined to modeled 10 m wind-scale fields and generic unit area cost,Use as an external regional severity and data-design audit.,"Transfer its wind scale, area loss, linear relation, or generic cost estimate into failure-unit economic DR.",audit_only,reviewed,"Architecture, component state, disposition, and same-unit replacement value are unresolved."
TCWS-S027,"Li, Anqi; Wu, Jidong. Mapping results of photovoltaic solar panels in Hainan Island before and after Typhoon Yagi in 2024. Zenodo. DOI 10.5281/zenodo.15114346.",https://doi.org/10.5281/zenodo.15114346,2026-07-29,dataset landing record and mapped before/after PV data,research data repository,regional_audit_data_lineage,tropical_cyclone_wind,T3_engineering_proxy_or_adjacent_empirical,partial,none,regional mapped PV extent used by the Yagi study,Preserve source lineage for the regional audit.,Treat mapped area disappearance as inspected module disposition or same-unit cost.,audit_only,reviewed,No row enters the Perry fit.
TCWS-S028,"Florida Power & Light Company. Direct Testimony of Michael A. Jarro, Docket 20240149-EI (2025).",https://www.psc.state.fl.us/library/FILINGS/2025/15505-2025/15505-2025.pdf,2026-07-29,PDF pp. 40-41 and footnote 9,owner testimony filed with state regulator,field_occurrence_and_repair_actions,tropical_cyclone_wind,T1_claims_or_field_calibrated,direct,partial,"solar panel replacement, erosion/civil repair, aerial inspection, and fleet-level Milton panel damage fraction",Use as a censored occurrence bound and repair/inspection field-design evidence.,Convert the fleet panel fraction or pooled restoration total to site or failure-unit economic DR.,adopt_with_limits,reviewed,"The exposed-site denominator, local intensity, architecture, and cause allocation are absent."
TCWS-S029,"Florida Power & Light Company. Direct Testimony of Amin Mohomed and Exhibit AM-3, Docket 20240149-EI (2025).",https://www.psc.state.fl.us/library/FILINGS/2025/15506-2025/15506-2025.pdf,2026-07-29,PDF pp. 19 and 29-30,owner regulatory cost testimony,restoration_cost_scope_boundary,tropical_cyclone_wind,T3_engineering_proxy_or_adjacent_empirical,direct,none,"mixed generation restoration cost by contractor, logistics, material, labor, vehicle, and capitalization category",Demonstrate that support and restoration scope can be material and must be allocated once.,"Treat a mixed PGD restoration bucket, capitalization share, or insurance position as solar economic DR.",adopt_with_limits,reviewed,"The schedule spans preparation, inspection, logistics, civil work, and multiple generation facilities."
TCWS-S030,"Florida Power & Light Company. Hurricanes Ian and Nicole Final Actual Storm Amount Filing, Docket 20230017-EI (2023).",https://www.psc.state.fl.us/library/filings/2023/06108-2023/06108-2023.pdf,2026-07-29,Jarro testimony PDF pp. 45-47; Exhibit KF-1 PDF p. 106,owner testimony and actual-cost filing with state regulator,field_occurrence_repair_and_cost_boundary,tropical_cyclone_wind,T1_claims_or_field_calibrated,direct,partial,"module, inverter, electrical-field, erosion, infrastructure, inspection actions and fleet panel-damage bound; pooled costs",Use physical actions and panel count bound for occurrence and acquisition design.,Allocate pooled generation costs to solar failure units or call panel fraction economic DR.,adopt_with_limits,reviewed,Under 0.04 percent of FPL panels were reported damaged by Ian; exact exposed subset and local wind are absent.
TCWS-S031,"Florida Power & Light Company. Prepared Testimony of Brandon J. Stankiewicz Supporting the 2027 Solar Base Rate Adjustment, Docket 20260001-EI (2026).",https://www.psc.state.fl.us/library/filings/2026/02016-2026/02016-2026.pdf,2026-07-29,PDF pp. 5-6; solar anatomy pp. 7-14,owner testimony filed with state regulator,fleet_exposure_and_replacement_bound,tropical_cyclone_wind,T1_claims_or_field_calibrated,direct,partial,66 of 89 utility-scale sites exposed and fewer than 0.07 percent of panels required replacement across stated events,Use as a fleet-level censored replacement-count observation and asset-anatomy input.,"Infer site-level vulnerability, event-specific DR, architecture effect, or direct cost.",adopt_with_limits,reviewed,Two-event scope and panel denominator wording remain ambiguous.
TCWS-S032,FEMA. Mitigation Assessment Team Report: Hurricanes Irma and Maria in the U.S. Virgin Islands (2018).,https://www.fema.gov/sites/default/files/documents/fema_mat-report_hurricane-irma-maria_virgin-islands.pdf,2026-07-29,Section 7.1.2 pp. 7-5-7-7; Section 7.1.3 pp. 7-7-7-9,government forensic field investigation,fixed_tilt_failure_unit_occurrence,tropical_cyclone_wind,T1_claims_or_field_calibrated,direct,partial,"site wind estimates and observed module, post, purlin, connector, rack, and facility states",Use as architecture-specific physical mechanism and inspected-state evidence.,"Convert module/post fractions, qualitative total damage, or estimated wind into same-unit economic DR.",adopt_with_limits,reviewed,No repair invoice and matching pre-event replacement-value schedule are supplied.
TCWS-S033,BMR Energy. St. Thomas Solar Project.,https://bmrenergy.com/projects/st-thomas-solar-project/,2026-07-29,Context and Process sections,asset owner project record,final_disposition_and_rebuild_context,tropical_cyclone_wind,T1_claims_or_field_calibrated,direct,partial,original facility removal and redesigned replacement after hurricane damage,Use as owner-reported terminal facility disposition and rebuild-selector evidence.,"Treat redesigned, resized, and hardened replacement scope as like-kind direct repair cost.",adopt_with_limits,reviewed,The replacement facility is not a same-unit economic denominator for the original plant.
TCWS-S034,BMR Energy. St. Croix Solar Energy.,https://bmrenergy.com/projects/st-croix-solar-energy/,2026-07-29,Context and Process sections,asset owner project record,module_and_electrical_disposition_context,tropical_cyclone_wind,T1_claims_or_field_calibrated,direct,partial,limited module/rack repair and replacement of moisture/static-damaged inverter/electrical equipment,Use to show visible module damage can underrepresent electrical consequence and compound pathways.,"Infer component quantities, wind-only causation, or economic DR.",adopt_with_limits,reviewed,No component cost allocation or pre-event replacement value is published.
TCWS-S035,"The AES Corporation. Form 10-Q for quarter ended September 30, 2017.",https://www.sec.gov/Archives/edgar/data/874761/000087476117000066/q32017form10-q.htm,2026-07-29,lines 2131-2140 and 3507-3513 in SEC filing text,issuer regulatory filing,plant_loss_materiality_and_scope_boundary,tropical_cyclone_wind,T1_claims_or_field_calibrated,direct,none,estimated plant-level hurricane losses and availability statements,Use as plant-level materiality and prohibited-numerator evidence.,"Treat estimated loss, MW-normalized loss, availability reduction, insurance coverage, BI, cleanup, or recovery as direct physical DR.",audit_only,reviewed,No same-unit direct-cost allocation or replacement-value denominator is disclosed.
TCWS-S036,"DOE/FEMP, GSA, NREL, and LBNL. Toward Solar Photovoltaic Storm Resilience: Learning from Hurricane Loss, Rebuilding Better.",https://www.energy.gov/sites/default/files/2023-02/femp-toward-solar-pv-storm-resilience-learning-from-hurricane-loss-rebuilding-better_0.pdf,2026-07-29,"PDF pp. 9-15 and 24; site assessments, Table 1, failure analysis, and hardening discussion",government in-person field investigation,multi_failure_unit_and_compound_event_evidence,tropical_cyclone_wind,T1_claims_or_field_calibrated,direct,partial,"inspected module, rack, conduit, inverter, switchgear, transformer, water-ingress, and facility dispositions","Use for failure-unit anatomy, categorical disposition, compound-pathway boundaries, and acquisition design.",Serialize total-loss wording or hardening premiums as a transferable wind economic DR point.,adopt_with_limits,reviewed,"Wind, wind-driven rain, flooding, and installation/design weaknesses are intertwined; no same-unit occurrence cost/value pair is supplied."
TCWS-S037,NREL. Solar Photovoltaics in Severe Weather: Cost Considerations for Storm Hardening PV Systems for Resilience. NREL/TP-7A40-75804 (2020). DOI 10.2172/1659785.,https://doi.org/10.2172/1659785,2026-07-29,PDF pp. 8-13; Tables 1-2,government engineering and cost study,design_anatomy_and_hardening_cost_boundary,tropical_cyclone_wind,T2_public_lab_standard_or_physics,direct,partial,new-build BOM and prospective severe-weather hardening cost premiums,"Use for design selectors, value anatomy, and data-acquisition fields.","Treat prospective premium or BOM share as occurrence damage probability, DR, or repair savings.",adopt_with_limits,reviewed,Repair savings are not quantified.
TCWS-S038,Nextracker. Solar Power Plant O&M in the Age of Extreme Weather (2017).,https://www.nextracker.com/wp-content/uploads/2017/04/Nextracker_OandM-WhitePaper_FINAL_April-2017_MKT-000059.pdf,2026-07-29,"printed p. 9, Hurricane Matthew case",OEM engineering case record,tracker_state_candidate_evidence,tropical_cyclone_wind,T3_engineering_proxy_or_adjacent_empirical,direct,partial,claimed tracker stow state and survival during a hurricane,Use as candidate attained-state and inspection-field design evidence.,"Infer a generic tracker zero curve, stow credit, response probability, or economic DR.",audit_only,reviewed,"No site inventory, local wind lineage, inspection protocol, or cost is published."
TCWS-S039,Nevados. Iris Solar Project Hurricane Case Study.,https://nevados.solar/featured-projects/iris-case-study-hurricane/,2026-07-29,Hurricane Ida event and post-event inspection sections,OEM owner-facing case record,tracker_occurrence_audit,tropical_cyclone_wind,T3_engineering_proxy_or_adjacent_empirical,direct,partial,claimed no structural tracker damage with limited lightning/debris module replacement,Use as a tracker negative-case and compound-attribution design input.,"Infer wind-only immunity, a generic tracker curve, or repair-cost severity.",audit_only,reviewed,"Self-published and missing inventory, local demand, component counts, direct cost, and replacement value."
TCWS-S040,DOE/FEMP. Life Cycle of Photovoltaic Systems: Operate and Maintain an Existing Photovoltaic System.,https://www.energy.gov/cmei/femp/life-cycle-photovoltaic-systems-operate-and-maintain-existing-photovoltaic-system,2026-07-29,"post-damage inspection, itemized repair-or-replace, and severe-storm model limitations in lines 143-190",government operations guidance,inspection_and_disposition_protocol,tropical_cyclone_wind,T2_public_lab_standard_or_physics,direct,partial,"recommended post-damage testing, itemized repair/replace scope, and estimate workflow",Use to define minimum inspection and disposition records.,Treat the O&M model or guidance as a severe-storm vulnerability curve.,adopt_with_limits,reviewed,The guidance states its O&M model does not estimate severe-storm damage.
PV_TRACKER_DOWNBURST_2025,"Álvarez et al. Downburst-Induced Loads on a Six-Row Array of Ground-Mounted Solar Trackers. Proceedings of the 10th International Conference on Advances in Experimental Structural Engineering, 2025.",https://doi.org/10.1007/978-3-031-98893-6_6,2026-07-12,pp. 54–63; §§2–6; especially pp. 57–62,peer-reviewed conference experiment,adjacent_normalized_response_anatomy_only,all_shared,T2_public_lab_standard_or_physics,direct,partial,1:20 six-row rigid tracker model; 576 pressure taps; eight vertical-jet downburst repeats; pressure-time histories,"Transient ramp/plateau/decay, primary-vortex surge, row and tilt dependence, downburst knowledge gap","Critical speed, component capacity, failure probability, damage state, economic DR, full-scale threshold",retain_as_adjacent_or_T4_context,reviewed,RETAINED_WITH_TRANSFER_LIMIT
IEA_PVPS_EXTREME_WEATHER_2025,IEA PVPS Task 13. Operational and Economic Impacts of Extreme Weather on PV Power Plants. T13-33:2025.,https://iea-pvps.org/wp-content/uploads/2025/12/IEA-PVPS-T13-33-2025-REPORT-Extreme-Weather-Impacts.pdf,2026-07-12,§3.2.2 pp. 24–25; §§3.4–3.6 pp. 25–28,international laboratory synthesis,adjacent_normalized_response_anatomy_only,all_shared,T3_engineering_proxy_or_adjacent_empirical,direct,partial,reported straight-line wind cases around 22–28 m/s; Oakey and Lamar tracker narratives,"Observed below-design damage is possible; 1P/2P, stow, perimeter and anemometer state are load-bearing","Population fragility, normalized DR, exact value denominator, literal threshold or fitted median; Lamar citation is uncertain",retain_as_adjacent_or_T4_context,reviewed,RETAINED_AS_SCREENING_CONSTRAINT
VALENTIN_TRACKER_FAILURE_2022,"Valentín et al. Failure Investigation of a Solar Tracker Due to Wind-Induced Torsional Galloping. Engineering Failure Analysis 135, 106137 (2022).",https://doi.org/10.1016/j.engfailanal.2022.106137,2026-07-12,"§§3.2–3.3, 4.3 and 6",peer-reviewed forensic case,adjacent_normalized_response_anatomy_only,all_shared,T3_engineering_proxy_or_adjacent_empirical,direct,partial,"one exposed flat tracker failed; nearby station about 16.7 m/s; rotation, module, shaft and pillar damage",Tracker cascade sequence and importance of angle/exposure,"Convective attribution, local threshold, population probability, economic DR",retain_as_adjacent_or_T4_context,reviewed,RETAINED_WITH_TRANSFER_LIMIT
CPP_TRACKER_INSTABILITY_2015,"Rohr, Bourke and Banks. Torsional Instability of Single-Axis Solar Tracking Systems. 2015.",https://www.cppwind.com/wp-content/uploads/2020/12/Torsional-Instability-of-Single-Axis-Solar-Tracking-Systems-Rohr-Bourke-Banks-2015.pdf,2026-07-12,pp. 1–7; especially pp. 5–7,engineering wind-tunnel / CFD paper,adjacent_normalized_response_anatomy_only,all_shared,T2_public_lab_standard_or_physics,direct,partial,sectional critical velocity and tracker twist under ABL flow,System-specific critical-speed and angle-conditioned tracker axis,"Universal 40 m/s threshold, downburst response, DR or loss",retain_as_adjacent_or_T4_context,reviewed,RETAINED_WITH_TRANSFER_LIMIT
TRACKER_LAYOUT_AEROELASTIC_2025,"Frontini et al. Key Parameters Influencing Wind-Induced Aeroelastic Responses of Single-Axis Solar Trackers in Photovoltaic Plants. Solar Energy 2025, 113232.",https://doi.org/10.1016/j.solener.2024.113232,2026-07-12,abstract; stability map Fig. 7; stress envelopes Fig. 12,peer-reviewed wind-tunnel and FEM study,adjacent_normalized_response_anatomy_only,all_shared,T2_public_lab_standard_or_physics,direct,partial,"critical response by tracker position, pitch, direction and ground-coverage ratio","Required row, pitch, direction and layout fields",Transfer of tested critical speeds to another tracker or to downburst loading,retain_as_adjacent_or_T4_context,reviewed,RETAINED_WITH_TRANSFER_LIMIT
PV_TRACKER_AEROELASTIC_2024,"Rodríguez-Casado et al. Experimental Benchmark for the 3D Wind Tunnel Testing of Torsional Aeroelastic Instabilities in Single-Axis Solar Trackers. JWEIA 2024, 105838.",https://doi.org/10.1016/j.jweia.2024.105838,2026-07-12,abstract and §§1–3,peer-reviewed aeroelastic benchmark,adjacent_normalized_response_anatomy_only,all_shared,T2_public_lab_standard_or_physics,direct,partial,3D aeroelastic critical velocity by design and tilt in two tunnels,Exact-system named Ucrit normalization and qualification identity,Generic production-tracker fragility or damage probability,retain_as_adjacent_or_T4_context,reviewed,RETAINED_WITH_TRANSFER_LIMIT
TRACKER_FIELD_MODAL_2024,"Koekemoer et al. Field Measurements of Wind Load Effects in a Photovoltaic Single-Axis Tracker Mounting Rail. JWEIA 2024, 105876.",https://doi.org/10.1016/j.jweia.2024.105876,2026-07-12,abstract; 109-day campaign,peer-reviewed full-scale field measurements,adjacent_normalized_response_anatomy_only,all_shared,T2_public_lab_standard_or_physics,direct,partial,1P tracker torsional and bending modal response by direction and pile position,1P/2P and modal/layout differentiation,No-damage threshold or destructive convective response,retain_as_adjacent_or_T4_context,reviewed,RETAINED_WITH_TRANSFER_LIMIT
FIXED_TILT_WIND_DESIGN_2020,"Browne et al. A Wind Load Design Method for Ground-Mounted Multi-Row Solar Arrays Based on a Compilation of Wind Tunnel Experiments. JWEIA 2020, 104294.",https://doi.org/10.1016/j.jweia.2020.104294,2026-07-12,abstract and §§1–5,peer-reviewed ABL wind-tunnel synthesis,adjacent_normalized_response_anatomy_only,all_shared,T2_public_lab_standard_or_physics,direct,partial,fixed-tilt static/dynamic pressure coefficients and perimeter/field zones,Separate fixed-tilt load bridge and array zoning,"Downburst coefficients, tracker aeroelasticity, failure probability or DR",retain_as_adjacent_or_T4_context,reviewed,RETAINED_WITH_TRANSFER_LIMIT
SOLAR_JOINT_CYCLIC_2025,"Du et al. Cyclic Demands on Solar Structural Joints under Wind Loading. Journal of Structural Engineering, 2025.",https://doi.org/10.1061/JSENDH.STENG-14435,2026-07-12,abstract and conclusions,peer-reviewed CFD/FEA/hazard study,adjacent_normalized_response_anatomy_only,all_shared,T2_public_lab_standard_or_physics,direct,partial,lifetime clamp/joint cyclic demand,Joint coverage and acute-versus-fatigue boundary,Single-occurrence convective DR or lifetime-to-peak conversion,retain_as_adjacent_or_T4_context,reviewed,RETAINED_WITH_TRANSFER_LIMIT
SOLAR_CRITICAL_JOINTS_2025,"Robinson. Maturing Rational Design Methodologies and Industry Consensus Engineering Standards: Critical Fastened Joints – Solar PV Industry. LBNL, 2025.",https://doi.org/10.20357/B7VG76,2026-07-12,abstract and report,public-laboratory engineering report,adjacent_normalized_response_anatomy_only,all_shared,T2_public_lab_standard_or_physics,direct,partial,"joint failure, racking deflection/twist and load feedback",Attachment/joint condition and cascade logic,Wind-to-failure population or cost fraction,retain_as_adjacent_or_T4_context,reviewed,RETAINED_WITH_TRANSFER_LIMIT
DOE_PV_OWNER_GUIDE_2021,"U.S. DOE/FEMP and GSA. PV System Owner’s Guide to Identifying, Assessing, and Addressing Weather Vulnerabilities, Risks, and Impacts. 2021.",https://www.energy.gov/sites/default/files/2021-09/pv-system-owners-guide-to-weather-vulnerabilities.pdf,2026-07-12,§5; PDF pp. 43–50 for clamps/racking; derecho context pp. 56–58,official field-audit guidance,adjacent_normalized_response_anatomy_only,all_shared,T2_public_lab_standard_or_physics,direct,partial,"field-audit vulnerabilities and observed module, clamp, fastener, racking, wiring and enclosure mechanisms","Failure-unit coverage, dependency, audit and conditioner fields","Numerical utility-scale convective fragility, parameter median, dispersion or loss cap",retain_as_adjacent_or_T4_context,reviewed,RETAINED_QUALITATIVE
NREL_WEATHER_IMPACTS_2021,"Walker et al. Weather Impacts on Solar PV Operations: Summary of the 2021 PV Reliability Workshop. LBNL/NREL/Sandia, 2021.",https://escholarship.org/content/qt5t8569hf/qt5t8569hf_noSplash_f0e76891c1cd44233507d7c5afbad87a.pdf,2026-07-12,"pp. 23–25, 30–32, 39–42 and 56–58",public-laboratory workshop synthesis,adjacent_normalized_response_anatomy_only,all_shared,T2_public_lab_standard_or_physics,direct,partial,"field cases, clamp/fastener failure, module/rack dynamics, thunderstorm/downburst context","Mechanism, dependency, below-design failure possibility and open evidence seams","Curve calibration, universal threshold or repair-cost ratio",retain_as_adjacent_or_T4_context,reviewed,RETAINED_WITH_TRANSFER_LIMIT
FM_DS_7_106_2026,FM. Data Sheet 7-106: Ground-Mounted Solar Photovoltaic Power. April 2026.,https://www.fm.com/-/media/project/publicwebsites/fmglobal/documentum-new/data-sheet-individual/07-hazards/fmds07106.pdf,2026-07-12,§§2.1.2.3–2.1.2.4 pp. 3–4; §3.1 pp. 10–11,insurer engineering standard,adjacent_normalized_response_anatomy_only,all_shared,T2_public_lab_standard_or_physics,direct,partial,static/dynamic/aeroelastic review; multiple anemometers; stow trigger 25% below tested instability speed,"Ucrit qualification, monitoring and 0.75 action flag","0.75 as damage threshold, hard zero or fragility ordinate",retain_as_adjacent_or_T4_context,reviewed,RETAINED_AS_GATE_NOT_CURVE
ASTM_E1830_2025,ASTM E1830-15(2025). Standard Test Methods for Determining Mechanical Integrity of Photovoltaic Modules.,https://store.astm.org/e1830-15r25.html,2026-07-12,scope §§1.1–1.4; significance §4,consensus test standard,adjacent_normalized_response_anatomy_only,all_shared,T2_public_lab_standard_or_physics,direct,partial,"2400 Pa static, 1440 Pa cyclic, twist test; no pass/fail level",Module qualification metadata and physical/electrical endpoints,"Universal wind speed, failure probability or economic DR",retain_as_adjacent_or_T4_context,reviewed,RETAINED_WITH_TRANSFER_LIMIT
IEC_62782_2016,IEC TS 62782:2016. Photovoltaic modules — Cyclic (dynamic) mechanical load testing.,https://webstore.iec.ch/en/publication/24310,2026-07-12,scope,international test standard,adjacent_normalized_response_anatomy_only,all_shared,T2_public_lab_standard_or_physics,direct,partial,alternating uniform module load test,Module-test provenance and fatigue susceptibility,"Transient downburst, plant fragility or DR",retain_as_adjacent_or_T4_context,reviewed,RETAINED_WITH_TRANSFER_LIMIT
IEC_62817,IEC 62817:2014+A1:2017. Photovoltaic systems — Design qualification of solar trackers.,https://webstore.iec.ch/en/publication/61127,2026-07-12,scope and qualification sequence,international qualification standard,adjacent_normalized_response_anatomy_only,all_shared,T2_public_lab_standard_or_physics,direct,partial,tracker design qualification,Exact tracker architecture/qualification identity and testing context,"Site-specific structure/foundation certification, Ucrit for an unnamed tracker, or fragility",retain_as_adjacent_or_T4_context,reviewed,RETAINED_WITH_TRANSFER_LIMIT
ASCE_7_22,ASCE/SEI 7-22. Minimum Design Loads and Associated Criteria for Buildings and Other Structures.,https://www.asce.org/publications-and-news/codes-and-standards/asce-sei-7-22,2026-07-12,Ch. 29 §29.4.5; Ch. 31 §31.4.5; Ch. 26 symbols,consensus design standard,adjacent_normalized_response_anatomy_only,all_shared,T2_public_lab_standard_or_physics,direct,partial,fixed-tilt ground-mount wind design; 3-second gust at 10 m Exposure C source definition,Design normalization and fixed-tilt scope,"Failure capacity, D50, tracker aeroelastic response or downburst profile",retain_as_adjacent_or_T4_context,reviewed,RETAINED_WITH_TRANSFER_LIMIT
ASCE_49_21,ASCE/SEI 49-21. Wind Tunnel Testing for Buildings and Other Structures.,https://www.asce.org/communities/institutes-and-technical-groups/structural-engineering-institute/committees/sei-board-of-governors/sei-technical-community-executive-committee/asce-49---wind-tunnel-testing,2026-07-12,§2.3.2 nonsynoptic winds,consensus wind-tunnel standard,adjacent_normalized_response_anatomy_only,all_shared,T2_public_lab_standard_or_physics,direct,partial,wind-tunnel requirements including downbursts and other nonsynoptic winds,Named downburst/non-synoptic and tracker qualification bridge,PV fragility or damage parameters,retain_as_adjacent_or_T4_context,reviewed,RETAINED_WITH_TRANSFER_LIMIT
NIST_THUNDERSTORM_PROFILES_2011,"Lombardo et al. Thunderstorm Characteristics of Importance to Wind Engineering Part II: Profiles, Gust Factors and Other Observations. JWEIA 2011.",https://www.nist.gov/publications/thunderstorm-characteristics-importance-wind-engineering-part-ii-profiles-gust-factors,2026-07-12,abstract and paper; ramp-up/profile/gust-factor sections,peer-reviewed primary field analysis,adjacent_normalized_response_anatomy_only,all_shared,T2_public_lab_standard_or_physics,direct,partial,"nonstationary ramp-up, vertical components, profile and gust-factor variability",Reject silent stationary-ABL equivalence and ordinary default profile conversion,Solar failure threshold or DR,retain_as_adjacent_or_T4_context,reviewed,RETAINED
FULL_SCALE_DOWNBURST_2018,Gunter and Schroeder. Investigation of a Downburst Loading Event on a Full-Scale Low-Rise Building. JWEIA 2018.,https://doi.org/10.1016/j.jweia.2018.09.020,2026-07-12,highlights and results,peer-reviewed full-scale event study,adjacent_normalized_response_anatomy_only,all_shared,T2_public_lab_standard_or_physics,direct,partial,about 30 s ramp; peak near 4 m; direction change up to about 30° over 50 m,"Rise time, direction change and non-power-law bridge requirement",PV fragility or structural transfer coefficients,retain_as_adjacent_or_T4_context,reviewed,RETAINED_WITH_ASSET_TRANSFER_LIMIT
DERECHO_MULTISCALE_2025,"Wagner et al. Detecting and Interpreting Wind Damage at Multiple Scales in the 10 August 2020 Derecho Using UAS, Satellite, and Radar. Weather and Forecasting, 2025.",https://doi.org/10.1175/WAF-D-24-0198.1,2026-07-12,abstract; pp. 1–2 and 12–14,peer-reviewed event reconstruction,adjacent_normalized_response_anatomy_only,all_shared,T2_public_lab_standard_or_physics,direct,partial,"MCS flow, downburst clusters, mesovortices, tornadoes and roughly 10 m damage variability",Derecho label requires local mechanism partition and parent event identity,One derecho-wide demand or PV parameter,retain_as_adjacent_or_T4_context,reviewed,RETAINED
NWS_DOWNBURST_TAXONOMY,U.S. National Weather Service. Downbursts; NWS Glossary; NSSL Thunderstorm FAQ.,https://www.weather.gov/spotterguide/downbursts,2026-07-12,definitions,official meteorological definitions,adjacent_normalized_response_anatomy_only,all_shared,T2_public_lab_standard_or_physics,direct,partial,"downburst, microburst, macroburst, gust front and derecho taxonomy",Pathway scope vocabulary,58 mph warning threshold as PV damage onset,retain_as_adjacent_or_T4_context,reviewed,RETAINED
DOE_FEMP_STORM_HARDENING_2020,"Elsworth and Van Geet. Solar Photovoltaics in Severe Weather: Cost Considerations for Storm Hardening PV Systems for Resilience. NREL/TP-7A40-75804, 2020.",https://docs.nrel.gov/docs/fy20osti/75804.pdf,2026-07-12,Table 1 pp. 2–3; scope pp. 3–4,public-laboratory cost report,adjacent_normalized_response_anatomy_only,all_shared,T2_public_lab_standard_or_physics,direct,partial,"incremental preventive costs for fasteners, through-bolts, modules, rails, piers and racking",Selector economics and plausibility only,"Repair cost, damage-state ratio, tracker value or fragility",retain_as_adjacent_or_T4_context,reviewed,RETAINED_WITH_TRANSFER_LIMIT
NREL_Q1_2021_COST_BENCHMARK,Ramasamy et al. U.S. Solar Photovoltaic System and Energy Storage Cost Benchmarks: Q1 2021. NREL/TP-7A40-80694.,https://www.govinfo.gov/content/pkg/GOVPUB-E9-PURL-gpo184395/pdf/GOVPUB-E9-PURL-gpo184395.pdf,2026-07-12,PDF p. 27 utility-scale modeling inputs,public-laboratory cost benchmark,adjacent_normalized_response_anatomy_only,all_shared,T2_public_lab_standard_or_physics,direct,partial,structural components 0.09–0.12 2020 USD/Wdc for fixed tilt or one-axis tracking,Fixed-tilt screening value bracket,"Architecture-specific point value, fragility or current-dollar replacement cost",retain_as_adjacent_or_T4_context,reviewed,RETAINED_AS_RANGE_ONLY
NREL_Q1_2024_MMP_TRACKER,DOE/NREL PV System Cost Model Q1 2024 market price benchmark for a 100 MWdc one-axis-tracker plant.,https://www.energy.gov/cmei/systems/solar-photovoltaic-system-cost-benchmarks,2026-07-12,Figure 1 source-native MMP rows,public-laboratory cost benchmark,adjacent_normalized_response_anatomy_only,all_shared,T2_public_lab_standard_or_physics,direct,partial,"336 module, 140 SBOS, 33 inverter, 186 EBOS, 229 fieldwork, 1119 total; 2023 USD/kWdc",Tracker architecture sensitivity and row-level reconciliation,"Fixed-tilt point value, component fragility or blended primary reference",retain_as_adjacent_or_T4_context,reviewed,RETAINED_FOR_VALUE_ONLY
NREL_NLR_Q1_2025_PV_BENCHMARK,Basore et al. Q1-2025 Solar Photovoltaic System Cost Benchmarks. NLR/OT-7A40-97930; data catalog submission 304.,https://doi.org/10.7799/3009689,2026-07-12,dataset and governed Solar_Map crosswalk,official cost dataset,adjacent_normalized_response_anatomy_only,all_shared,T2_public_lab_standard_or_physics,direct,partial,2024 USD/kWdc utility-PV installed and value rows,Repository-current reference-value reconciliation,"Site appraisal, architecture-specific BOM, vulnerability or exposed fraction",retain_as_adjacent_or_T4_context,reviewed,RETAINED_FOR_VALUE_ONLY
VALUE_SOLAR_WORKBOOK,damage_modeling/docs/method/value_basis/solar_wind_value_breakdown.xlsx.,https://data.nlr.gov/submissions/304,2026-07-12,Solar_Map rows 2–17,internal governed derivation,adjacent_normalized_response_anatomy_only,all_shared,T2_public_lab_standard_or_physics,direct,partial,"2024 USD/kWdc row-level direct, support and excluded values",Reference denominator and row mapping,"Implicit site value, at-risk fraction or fragility",retain_as_adjacent_or_T4_context,reviewed,RETAINED_FOR_REFERENCE_ONLY
LEGACY_SWS_V1,Current canonical strong_wind_solar model v1.0/docs r3 artifact and workbook.,,2026-07-12,docs/cells/strong_wind_solar/current/,legacy implementation audit,adjacent_normalized_response_anatomy_only,all_shared,T4_placeholder_or_expert_judgment,direct,partial,"gust mph, effective demand ratio, five logistics and value shares",Exact legacy reproduction and migration comparison,Scientific calibration for v2,retain_as_adjacent_or_T4_context,reviewed,REJECTED_FOR_CALIBRATION
SHARED_SOLAR_WIND_PROXY_V0_1,Damage Modeling shared solar-wind normalized-response candidate profile v0.1.,docs/method/shared_components/solar_wind_normalized_response/candidate_response_profile_v0_1.json,2026-07-29,complete non-runtime candidate profile,internal governed synthetic scenario substrate,audit_comparison_profile_only,all_shared,T4_placeholder_or_expert_judgment,direct,direct,unweighted normalized-demand state-response envelope,Compare cell-local synthetic parameters against a hazard-label-neutral solar fingerprint after adoption.,"Call the values field-calibrated, hurricane-calibrated, conservative, probabilistic, or runtime approved.",retain_audit_only,reviewed_nonruntime,Standard 20 prohibits this candidate from populating an output-bearing cell bundle.
TCWS2_CELL_LOCAL_SYNTHETIC_DECISION,Damage Modeling owner decision: TC-wind x solar model-v2 cell-local synthetic parameter set.,docs/cells/tropical_cyclone_wind_solar/proposed/DECISION_LOG_tropical_cyclone_wind_solar__model_v2_0__docs_r1.md,2026-07-29,TCWS2-D001; TCWS2-D003 through TCWS2-D007,governed owner assumption decision,cell_local_synthetic_parameter_authority,tropical_cyclone_wind,T4_placeholder_or_expert_judgment,direct,direct,owner-adopted unweighted normalized-demand state/DR scenarios,Use the exact registered values only in this noncanonical v2 cell proposal.,"Treat the decision as evidence, calibration, shared-runtime approval, or authority for another cell.",adopt_cell_local_synthetic_T4,reviewed_noncanonical,Byte-equal comparison to the audit profile is intentional but is not a runtime dependency.
NO_DIRECT_TC_CALIBRATION_SOURCE,TC-wind x solar model-v2 bounded evidence review: no direct generic fixed/tracker calibration source adopted.,docs/cells/tropical_cyclone_wind_solar/proposed/BOUNDED_EVIDENCE_SEARCH_LOG_tropical_cyclone_wind_solar__model_v2_0__docs_r1.md,2026-07-29,§ Missing matched chain; § v2 consequence,governed negative evidence finding,no_direct_calibration_marker,tropical_cyclone_wind,T4_placeholder_or_expert_judgment,direct,direct,absence of an adopted matched TC demand-state-cost-value calibration,Keep all generic numbers at Tier 4 and promotion blocked.,"Infer zero damage, immunity, or proof that no usable private evidence exists.",withhold_calibration_claim,reviewed,This marker is TC-specific and does not reuse the convective-wind negative-search record.
