claim_id,claim_or_parameter,source_id,source_url,locator,evidence_role,param_role,tier,decision,permitted_use,prohibited_inference,update_trigger
"WS-C052","An operating utility-scale PV facility can experience simultaneous array-area, electrical-room, transformer/control and outage consequences during a wildfire.","YONHAP_UISEONG_PV_2025","https://www.fnnews.com/news/202503241420097473","reported 1 MW Uiseong facility event","field materiality","open_seam_placeholder","T3_engineering_proxy_or_adjacent_empirical","RETAIN_CONTEXT_ONLY","Justify multi-subsystem scope and field-data collection.","Curve ordinate, whole-site loss ratio, or replacement cost","engineering report or claims file for the event"
"WS-C053","Wildfire-affected PV modules may show hot spots and EL degradation patterns that performance or I-V checks alone do not resolve.","KIEE_JANG_2026_WILDFIRE_PV","https://www.kci.go.kr/kciportal/ci/sereArticleSearch/ciSereArtiView.kci?sereArticleSearchBean.artiId=ART003300065","accessible abstract","post-event diagnostic endpoint","open_seam_placeholder","T3_engineering_proxy_or_adjacent_empirical","RETAIN_WITH_ABSTRACT_LIMIT","Require EL/IR plus electrical testing and continued monitoring in a field protocol.","Population fragility, local-dose threshold, or economic DR","full text and event-level inspection data"
"WS-C054","The accessible wildfire-PV field-study abstract does not publish the local fire exposure, full affected/unaffected denominator, BOM, replacement decision, or repair cost required for curve calibration.","KIEE_JANG_2026_WILDFIRE_PV","https://www.kci.go.kr/kciportal/ci/sereArticleSearch/ciSereArtiView.kci?sereArticleSearchBean.artiId=ART003300065","accessible abstract and access audit","transferability limit","curve_fit_shape","T3_engineering_proxy_or_adjacent_empirical","WITHHOLD","Use as diagnostic-protocol evidence only.","Treat observed degradation as a numerical fragility row","full text or author-supplied data"
"WS-C055","Broad PV insurance category 'fire' is material but cannot be assumed to mean exogenous wildfire; the public chart does not expose asset-years, component states, local dose, or same-unit costs.","IEA_PVPS_T13_33_2025","https://doi.org/10.69766/FFNG4976","section 8.3 and Figure 37","portfolio context and category guardrail","curve_fit_shape","T3_engineering_proxy_or_adjacent_empirical","RETAIN_CONTEXT_ONLY","Support research priority and insurer-data request design.","Wildfire frequency, severity distribution, or fragility","de-identified claim microdata with peril taxonomy and exposure denominator"
"WS-C056","Wildland-fire incident heat transfer varies materially by fuel and fire regime; radiant and convective terms and their durations cannot be represented by one universal scalar.","FRANKMAN_2012_WILDLAND_HEAT;BUTLER_2010_CROWN_HEAT;MUELLER_2018_FIELD_FIRE","https://doi.org/10.1071/WF11097","field measurements across surface, shrub and crown settings","local-exposure physics","axis_bridge","T2_public_lab_standard_or_physics","RETAIN","Require pathway-specific flux/contact/time state and uncertainty.","A fixed FSim-to-kW/m2 converter","validated solar-site transfer study"
"WS-C057","A defensible local attack transfer requires at least fuel state, flame geometry, distance/view factor, wind/slope, component position and duration; FSim FIL/FLP alone does not provide these fields.","USFS_FSIM_RDS_2023;MODARRES_2024_WILDFIRE_FLUX;FRANKMAN_2012_WILDLAND_HEAT","https://doi.org/10.2737/RDS-2016-0034-3","product attributes compared with local heat-flux studies","axis-bridge gate","axis_bridge","T2_public_lab_standard_or_physics","RETAIN_GUARDRAIL","Define regional-screening and site-loss modes separately.","Direct FIL/FLI-to-component damage evaluation","validated regional-to-site coupling model"
"WS-C058","Fire/heat-damaged controls and electrical equipment need category-specific inspect/evaluate/replace rules; these post-event rules do not establish pre-event failure probabilities.","NEMA_GD2_2016","https://www.nema.org/docs/default-source/standards-document-library/nema-gd-2-2016-evaluating-fire-and-heat-damaged-electrical-equipment-guide.pdf","equipment category guidance","failure/replacement endpoint","curve_fit_shape","T2_public_lab_standard_or_physics","RETAIN_FOR_ENDPOINT_PROTOCOL","Translate observed damage state into governed disposition with OEM/qualified evaluation.","Heat threshold or fragility probability","paired exposure and disposition dataset"
"WS-C059","FM ground-mounted-solar wildland-fire recommendations define auditable control fields but publish no efficacy distribution suitable for a damage multiplier.","FM_DS_7_106_2026","https://www.fm.com/-/media/project/publicwebsites/fmglobal/documentum-new/data-sheet-individual/07-hazards/fmds07106.pdf","wildland-fire and site recommendations","control-field completeness","conditioner_adjustment","T2_public_lab_standard_or_physics","RETAIN_AS_CONTROL_ONLY","Capture compliance, geometry, vegetation, access and maintenance as selectors or study covariates.","Automatic mitigation credit","matched event/control effectiveness study"
"WS-C060","ASTM E108 and IEC 61730 qualifications are scope-limited safety/test selectors and are not wildfire survival curves for a ground-mounted utility PV population.","ASTM_E108_2025;IEC_61730_2_2023;IEA_PVPS_T15_15_2023","https://store.astm.org/e108.html","published standards scope and IEA test mapping","rating-scope guardrail","selector_match","T2_public_lab_standard_or_physics","RETAIN_GUARDRAIL","Record exact qualification/test status in BOM metadata.","Class/rating-to-DR multiplier or immune classification","validated external-wildfire population study"
"WS-C061","Glass layup, pre-damage, inclination, exposure magnitude and exposure duration change PV specimen response; laboratory endpoints are therefore BOM- and protocol-specific.","WANG_2025_PV_THERMAL;ZHAO_2026_PV_POOL_FIRE;BEDON_WANG_2026_BIPV_FIRE","https://doi.org/10.1016/j.ijthermalsci.2024.109489","specimen protocols and reported response","component mechanism and selector design","selector_match","T2_public_lab_standard_or_physics","RETAIN_WITH_TRANSFER_LIMIT","Define module BOM/protocol applicability and candidate thermal states.","Universal utility-module fragility or economic DR","representative full-size population tests with replacement endpoints"
"WS-C062","The audited Hazard consumer currently creates numerical loss by assigning class midpoints including an open-ended FIL6 representative, converting to kW/m, applying unsupported capex-weighted subsystem logistics, setting site p_hit to one, and applying the result to TIV.","HAZARD_WILDFIRE_CONSUMER_AUDIT_2026_07_10","","local Hazard_modeling implementation audit","downstream seam diagnosis","axis_bridge","T4_placeholder_or_expert_judgment","REJECT_AS_DAMAGE_MODEL","Allow only explicitly nonreportable legacy/proxy comparison while migration occurs.","Canonical Damage Modeling output or reportable EAL/PML","Hazard removes or isolates proxy path and consumes a released cell"
"WS-C063","FSim burn probability and conditional flame-length probabilities can support regional hazard screening, but without a site/local attack bridge they cannot support wildfire-solar M3 physical loss.","USFS_FSIM_RDS_2023;SOURCE_REVIEW_2026_07_10","https://doi.org/10.2737/RDS-2016-0034-3","source attributes and docs r2 search decision","consumer operating-mode boundary","axis_bridge","T4_placeholder_or_expert_judgment","RETAIN_FAIL_CLOSED_RULE","Publish hazard-only regional screening with no loss output.","Numerical conditional DR from FSim alone","qualified site coupling and failure-unit response"
"WS-C064","The first defensible site-loss model should accept measured or qualified model outputs for local component attack rather than treating FSim fireline intensity as the vulnerability axis.","FRANKMAN_2012_WILDLAND_HEAT;MODARRES_2024_WILDFIRE_FLUX;GOVERNANCE_CONTRACT","https://doi.org/10.1071/WF11097","physics evidence plus failure-unit governance","candidate v1 architecture","axis_bridge","T3_engineering_proxy_or_adjacent_empirical","RETAIN_PROPOSED","Design local heat/contact/duration/ember inputs with provenance and uncertainty.","Claim that a numerical response is already calibrated","successful transfer and response validation"
"WS-C065","A future runtime release may be modular by failure unit and zone; it must not silently become one aggregate whole-plant FIL-to-DR curve.","GOVERNANCE_CONTRACT;SOURCE_REVIEW_2026_07_10","","seven-step architecture and research decision","candidate v1 architecture","exposure_or_value","T4_placeholder_or_expert_judgment","RETAIN_FAIL_CLOSED_RULE","Sum same-unit direct losses across qualified failure units and zones, then allocate support costs once.","Use of pooled subsystem weights as fragility","approved coverage and value reconciliation"
"WS-C066","A module-only qualified pathway cannot be presented as whole-site wildfire loss unless uncovered material failure units are explicitly withheld or bounded under an approved coverage policy.","GOVERNANCE_CONTRACT;YONHAP_UISEONG_PV_2025","","coverage standard and multi-subsystem field event","coverage gate","exposure_or_value","T4_placeholder_or_expert_judgment","RETAIN_FAIL_CLOSED_RULE","Permit partial research models only with explicit coverage status and no whole-site claim.","Implicit zero damage for unmodelled electrical, controls, MV, mounting or civil units","coverage-policy approval and additional calibrated pathways"
"WS-C067","A calibration-ready field program needs event footprint and local attack reconstruction, pre-event BOM/inventory, affected and unaffected units, EL/IR/I-V/visual disposition, repair/replacement work orders, and same-unit value denominators.","KIEE_JANG_2026_WILDFIRE_PV;NREL_PERRY_2025_REMOTE_SENSING;NEMA_GD2_2016;GOVERNANCE_CONTRACT","https://www.osti.gov/biblio/2574727","combined diagnostic, remote-sensing and governance protocol","field-data acquisition design","curve_fit_shape","T3_engineering_proxy_or_adjacent_empirical","RETAIN_PROPOSED","Use as minimum data-request schema and pilot-study protocol.","A claim that existing sources already meet the schema","first governed paired event dataset"
"WS-C068","The 2026-07-10 deep review found no reviewed public dataset that closes the complete chain from FSim or local wildfire exposure through utility-PV component disposition to same-unit replacement cost.","SOURCE_REVIEW_2026_07_10","","docs r2 bounded-search log and promotion matrix","bounded negative-evidence finding","curve_fit_shape","T4_placeholder_or_expert_judgment","WITHHOLD","Keep model v0.1 and target the named acquisition gates.","Universal claim that no evidence exists outside the review scope","new public/partner dataset or repeat evidence review"
"WS-C069","Docs r2 changes evidence, consumer instructions and promotion criteria only; there are still zero runtime curves and all numerical loss metrics remain withheld.","GOVERNANCE_CONTRACT;SOURCE_REVIEW_2026_07_10","","change classification and release boundary","versioning control","open_seam_placeholder","T4_placeholder_or_expert_judgment","RETAIN_CONTROL","Advance documentation revision without changing semantic model version.","Use of model v1.0 label or numeric DR","separately governed release event"
